360,360,360,360,360,360,360,360,360,360,360,360,360,360,360,360,360,360,360,360,360,360,360,360,360,360,360,360,360,360,360,360,360,360,360,360,360,360,360,360,360,360,360,360,360,360,360,360,360,360,360,360,360,360,360,360,360,360,360,360,360,360,360,360,360,360,360,360,360,360,360,360,360,360,360,360,360,360,360,360,360,360,360,360,360,360,360,360,360,360,360,360,360,360,360,360,360,360,360,360,360,360,360,360,360,360,360,360,360,360,360,360,360,360,360,360,360
0,0,0,0,0,0,0,0,0,0,0,1.826681,0,0,0,0,0,0,0,0,0,0,0,0,1.826681,0,0,0,0,0,0,0,0,0,0,0,0,1.826681,0,0,0,0,0,0,0,0,0,0,0,0,1.826681,0,0,0,0,0,0,0,0,0,0,0,0,1.826681,0,0,0,0,0,0,0,0,0,0,0,0,1.826681,0,0,0,0,0,0,0,0,0,0,0,0,1.826681,0,0,0,0,0,0,0,0,0,0,0,0,1.826681,0,0,0,0,0,0,0,0,0,0,0,0,1.826681,0
360,360,360,360,360,360,360,360,360,360,360,360,360,360,360,360,360,360,360,360,360,360,360,360,360,360,360,360,360,360,360,360,360,360,360,360,360,360,360,360,360,360,360,360,360,360,360,360,360,360,360,360,360,360,360,360,360,360,360,360,360,360,360,360,360,360,360,360,360,360,360,360,360,360,360,360,360,360,360,360,360,360,360,360,360,360,360,360,360,360,360,360,360,360,360,360,360,360,360,360,360,360,360,360,360,360,360,360,360,360,360,360,360,360,360,360,360
360,360,360,360,360,360,360,360,360,360,360,360,360,360,360,360,360,360,360,360,360,360,360,360,360,360,360,360,360,360,360,360,360,360,360,360,360,360,360,360,360,360,360,360,360,360,360,360,360,360,360,360,360,360,360,360,360,360,360,360,360,360,360,360,360,360,360,360,360,360,360,360,360,360,360,360,360,360,360,360,360,360,360,360,360,360,360,360,360,360,360,360,360,360,360,360,360,360,360,360,360,360,360,360,360,360,360,360,360,360,360,360,360,360,360,360,360
360,360,360,360,360,360,360,360,360,360,360,360,360,360,360,360,360,360,360,360,360,360,360,360,360,360,360,360,360,360,360,360,360,360,360,360,360,360,360,360,360,360,360,360,360,360,360,360,360,360,360,360,360,360,360,360,360,360,360,360,360,360,360,360,360,360,360,360,360,360,360,360,360,360,360,360,360,360,360,360,360,360,360,360,360,360,360,360,360,360,360,360,360,360,360,360,360,360,360,360,360,360,360,360,360,360,360,360,360,360,360,360,360,360,360,360,360
360,360,360,360,360,360,360,360,360,360,360,360,360,360,360,360,360,360,360,360,360,360,360,360,360,360,360,360,360,360,360,360,360,360,360,360,360,360,360,360,360,360,360,360,360,360,360,360,360,360,360,360,360,360,360,360,360,360,360,360,360,360,360,360,360,360,360,360,360,360,360,360,360,360,360,360,360,360,360,360,360,360,360,360,360,360,360,360,360,360,360,360,360,360,360,360,360,360,360,360,360,360,360,360,360,360,360,360,360,360,360,360,360,360,360,360,360
360,360,360,360,360,360,360,360,360,360,360,360,360,360,360,360,360,360,360,360,360,360,360,360,360,360,360,360,360,360,360,360,360,360,360,360,360,360,360,360,360,360,360,360,360,360,360,360,360,360,360,360,360,360,360,360,360,360,360,360,360,360,360,360,360,360,360,360,360,360,360,360,360,360,360,360,360,360,360,360,360,360,360,360,360,360,360,360,360,360,360,360,360,360,360,360,360,360,360,360,360,360,360,360,360,360,360,360,360,360,360,360,360,360,360,360,360
360,360,360,360,360,360,360,360,360,360,360,360,360,360,360,360,360,360,360,360,360,360,360,360,360,360,360,360,360,360,360,360,360,360,360,360,360,360,360,360,360,360,360,360,360,360,360,360,360,360,360,360,360,360,360,360,360,360,360,360,360,360,360,360,360,360,360,360,360,360,360,360,360,360,360,360,360,360,360,360,360,360,360,360,360,360,360,360,360,360,360,360,360,360,360,360,360,360,360,360,360,360,360,360,360,360,360,360,360,360,360,360,360,360,360,360,360
360,360,360,360,360,360,360,360,360,360,360,360,360,360,360,360,360,360,360,360,360,360,360,360,360,360,360,360,360,360,360,360,360,360,360,360,360,360,360,360,360,360,360,360,360,360,360,360,360,360,360,360,360,360,360,360,360,360,360,360,360,360,360,360,360,360,360,360,360,360,360,360,360,360,360,360,360,360,360,360,360,360,360,360,360,360,360,360,360,360,360,360,360,360,360,360,360,360,360,360,360,360,360,360,360,360,360,360,360,360,360,360,360,360,360,360,360
360,360,360,360,360,360,360,360,360,360,360,360,360,360,360,360,360,360,360,360,360,360,360,360,360,360,360,360,360,360,360,360,360,360,360,360,360,360,360,360,360,360,360,360,360,360,360,360,360,360,360,360,360,360,360,360,360,360,360,360,360,360,360,360,360,360,360,360,360,360,360,360,360,360,360,360,360,360,360,360,360,360,360,360,360,360,360,360,360,360,360,360,360,360,360,360,360,360,360,360,360,360,360,360,360,360,360,360,360,360,360,360,360,360,360,360,360
360,360,360,360,360,360,360,360,360,360,360,360,360,360,360,360,360,360,360,360,360,360,360,360,360,360,360,360,360,360,360,360,360,360,360,360,360,360,360,360,360,360,360,360,360,360,360,360,360,360,360,360,360,360,360,360,360,360,360,360,360,360,360,360,360,360,360,360,360,360,360,360,360,360,360,360,360,360,360,360,360,360,360,360,360,360,360,360,360,360,360,360,360,360,360,360,360,360,360,360,360,360,360,360,360,360,360,360,360,360,360,360,360,360,360,360,360
360,360,360,360,360,360,360,360,360,360,360,360,360,360,360,360,360,360,360,360,360,360,360,360,360,360,360,360,360,360,360,360,360,360,360,360,360,360,360,360,360,360,360,360,360,360,360,360,360,360,360,360,360,360,360,360,360,360,360,360,360,360,360,360,360,360,360,360,360,360,360,360,360,360,360,360,360,360,360,360,360,360,360,360,360,360,360,360,360,360,360,360,360,360,360,360,360,360,360,360,360,360,360,360,360,360,360,360,360,360,360,360,360,360,360,360,360
360,360,360,360,360,360,360,360,360,360,360,360,360,360,360,360,360,360,360,360,360,360,360,360,360,360,360,360,360,360,360,360,360,360,360,360,360,360,360,360,360,360,360,360,360,360,360,360,360,360,360,360,360,360,360,360,360,360,360,360,360,360,360,360,360,360,360,360,360,360,360,360,360,360,360,360,360,360,360,360,360,360,360,360,360,360,360,360,360,360,360,360,360,360,360,360,360,360,360,360,360,360,360,360,360,360,360,360,360,360,360,360,360,360,360,360,360
360,360,360,360,360,360,360,360,360,360,360,360,360,360,360,360,360,360,360,360,360,360,360,360,360,360,360,360,360,360,360,360,360,360,360,360,360,360,360,360,360,360,360,360,360,360,360,360,360,360,360,360,360,360,360,360,360,360,360,360,360,360,360,360,360,360,360,360,360,360,360,360,360,360,360,360,360,360,360,360,360,360,360,360,360,360,360,360,360,360,360,360,360,360,360,360,360,360,360,360,360,360,360,360,360,360,360,360,360,360,360,360,360,360,360,360,360
360,360,360,360,360,360,360,360,360,360,360,360,360,360,360,360,360,360,360,360,360,360,360,360,360,360,360,360,360,360,360,360,360,360,360,360,360,360,360,360,360,360,360,360,360,360,360,360,360,360,360,360,360,360,360,360,360,360,360,360,360,360,360,360,360,360,360,360,360,360,360,360,360,360,360,360,360,360,360,360,360,360,360,360,360,360,360,360,360,360,360,360,360,360,360,360,360,360,360,360,360,360,360,360,360,360,360,360,360,360,360,360,360,360,360,360,360
360,360,360,360,360,360,360,360,360,360,360,360,360,360,360,360,360,360,360,360,360,360,360,360,360,360,360,360,360,360,360,360,360,360,360,360,360,360,360,360,360,360,360,360,360,360,360,360,360,360,360,360,360,360,360,360,360,360,360,360,360,360,360,360,360,360,360,360,360,360,360,360,360,360,360,360,360,360,360,360,360,360,360,360,360,360,360,360,360,360,360,360,360,360,360,360,360,360,360,360,360,360,360,360,360,360,360,360,360,360,360,360,360,360,360,360,360
359.7959,360,360,360,360,360,360,360,360,360,360,360,360,359.7959,360,360,360,360,360,360,360,360,360,360,360,360,359.7959,360,360,360,360,360,360,360,360,360,360,360,360,359.7959,360,360,360,360,360,360,360,360,360,360,360,360,359.7959,360,360,360,360,360,360,360,360,360,360,360,360,359.7959,360,360,360,360,360,360,360,360,360,360,360,360,359.7959,360,360,360,360,360,360,360,360,360,360,360,360,359.7959,360,360,360,360,360,360,360,360,360,360,360,360,359.7959,360,360,360,360,360,360,360,360,360,360,360,360
359.1278,360,360,360,360,360,360,360,360,360,360,360,360,359.1278,360,360,360,360,360,360,360,360,360,360,360,360,359.1278,360,360,360,360,360,360,360,360,360,360,360,360,359.1278,360,360,360,360,360,360,360,360,360,360,360,360,359.1278,360,360,360,360,360,360,360,360,360,360,360,360,359.1278,360,360,360,360,360,360,360,360,360,360,360,360,359.1278,360,360,360,360,360,360,360,360,360,360,360,360,359.1278,360,360,360,360,360,360,360,360,360,360,360,360,359.1278,360,360,360,360,360,360,360,360,360,360,360,360
357.9962,360,359.7734,360,360,360,360,360,360,360,360,360,360,357.9962,360,359.7734,360,360,360,360,360,360,360,360,360,360,357.9962,360,359.7734,360,360,360,360,360,360,360,360,360,360,357.9962,360,359.7734,360,360,360,360,360,360,360,360,360,360,357.9962,360,359.7734,360,360,360,360,360,360,360,360,360,360,357.9962,360,359.7734,360,360,360,360,360,360,360,360,360,360,357.9962,360,359.7734,360,360,360,360,360,360,360,360,360,360,357.9962,360,359.7734,360,360,360,360,360,360,360,360,360,360,357.9962,360,359.7734,360,360,360,360,360,360,360,360,360,360
356.4043,360,359.0819,360,360,360,360,360,360,360,360,360,360,356.4043,360,359.0819,360,360,360,360,360,360,360,360,360,360,356.4043,360,359.0819,360,360,360,360,360,360,360,360,360,360,356.4043,360,359.0819,360,360,360,360,360,360,360,360,360,360,356.4043,360,359.0819,360,360,360,360,360,360,360,360,360,360,356.4043,360,359.0819,360,360,360,360,360,360,360,360,360,360,356.4043,360,359.0819,360,360,360,360,360,360,360,360,360,360,356.4043,360,359.0819,360,360,360,360,360,360,360,360,360,360,356.4043,360,359.0819,360,360,360,360,360,360,360,360,360,360
354.3561,360,357.9271,360,360,360,360,360,360,360,360,360,360,354.3561,360,357.9271,360,360,360,360,360,360,360,360,360,360,354.3561,360,357.9271,360,360,360,360,360,360,360,360,360,360,354.3561,360,357.9271,360,360,360,360,360,360,360,360,360,360,354.3561,360,357.9271,360,360,360,360,360,360,360,360,360,360,354.3561,360,357.9271,360,360,360,360,360,360,360,360,360,360,354.3561,360,357.9271,360,360,360,360,360,360,360,360,360,360,354.3561,360,357.9271,360,360,360,360,360,360,360,360,360,360,354.3561,360,357.9271,360,360,360,360,360,360,360,360,360,360
351.8569,360,356.3121,360,360,360,360,360,360,360,360,360,360,351.8569,360,356.3121,360,360,360,360,360,360,360,360,360,360,351.8569,360,356.3121,360,360,360,360,360,360,360,360,360,360,351.8569,360,356.3121,360,360,360,360,360,360,360,360,360,360,351.8569,360,356.3121,360,360,360,360,360,360,360,360,360,360,351.8569,360,356.3121,360,360,360,360,360,360,360,360,360,360,351.8569,360,356.3121,360,360,360,360,360,360,360,360,360,360,351.8569,360,356.3121,360,360,360,360,360,360,360,360,360,360,351.8569,360,356.3121,360,360,360,360,360,360,360,360,360,360
348.9132,360,354.2411,360,360,360,360,360,360,360,360,360,360,348.9132,360,354.2411,360,360,360,360,360,360,360,360,360,360,348.9132,360,354.2411,360,360,360,360,360,360,360,360,360,360,348.9132,360,354.2411,360,360,360,360,360,360,360,360,360,360,348.9132,360,354.2411,360,360,360,360,360,360,360,360,360,360,348.9132,360,354.2411,360,360,360,360,360,360,360,360,360,360,348.9132,360,354.2411,360,360,360,360,360,360,360,360,360,360,348.9132,360,354.2411,360,360,360,360,360,360,360,360,360,360,348.9132,360,354.2411,360,360,360,360,360,360,360,360,360,360
345.5326,360,351.7193,360,360,360,360,360,360,360,360,360,360,345.5326,360,351.7193,360,360,360,360,360,360,360,360,360,360,345.5326,360,351.7193,360,360,360,360,360,360,360,360,360,360,345.5326,360,351.7193,360,360,360,360,360,360,360,360,360,360,345.5326,360,351.7193,360,360,360,360,360,360,360,360,360,360,345.5326,360,351.7193,360,360,360,360,360,360,360,360,360,360,345.5326,360,351.7193,360,360,360,360,360,360,360,360,360,360,345.5326,360,351.7193,360,360,360,360,360,360,360,360,360,360,345.5326,360,351.7193,360,360,360,360,360,360,360,360,360,360
341.7237,360,348.7534,360,360,360,360,360,360,360,360,360,360,341.7237,360,348.7534,360,360,360,360,360,360,360,360,360,360,341.7237,360,348.7534,360,360,360,360,360,360,360,360,360,360,341.7237,360,348.7534,360,360,360,360,360,360,360,360,360,360,341.7237,360,348.7534,360,360,360,360,360,360,360,360,360,360,341.7237,360,348.7534,360,360,360,360,360,360,360,360,360,360,341.7237,360,348.7534,360,360,360,360,360,360,360,360,360,360,341.7237,360,348.7534,360,360,360,360,360,360,360,360,360,360,341.7237,360,348.7534,360,360,360,360,360,360,360,360,360,360
337.4966,360,345.351,360,360,360,360,360,360,360,360,360,360,337.4966,360,345.351,360,360,360,360,360,360,360,360,360,360,337.4966,360,345.351,360,360,360,360,360,360,360,360,360,360,337.4966,360,345.351,360,360,360,360,360,360,360,360,360,360,337.4966,360,345.351,360,360,360,360,360,360,360,360,360,360,337.4966,360,345.351,360,360,360,360,360,360,360,360,360,360,337.4966,360,345.351,360,360,360,360,360,360,360,360,360,360,337.4966,360,345.351,360,360,360,360,360,360,360,360,360,360,337.4966,360,345.351,360,360,360,360,360,360,360,360,360,360
332.862,360,341.5208,360,360,360,360,360,360,360,360,360,360,332.862,360,341.5208,360,360,360,360,360,360,360,360,360,360,332.862,360,341.5208,360,360,360,360,360,360,360,360,360,360,332.862,360,341.5208,360,360,360,360,360,360,360,360,360,360,332.862,360,341.5208,360,360,360,360,360,360,360,360,360,360,332.862,360,341.5208,360,360,360,360,360,360,360,360,360,360,332.862,360,341.5208,360,360,360,360,360,360,360,360,360,360,332.862,360,341.5208,360,360,360,360,360,360,360,360,360,360,332.862,360,341.5208,360,360,360,360,360,360,360,360,360,360
327.8321,360,337.2729,360,360,360,360,360,360,360,360,360,360,327.8321,360,337.2729,360,360,360,360,360,360,360,360,360,360,327.8321,360,337.2729,360,360,360,360,360,360,360,360,360,360,327.8321,360,337.2729,360,360,360,360,360,360,360,360,360,360,327.8321,360,337.2729,360,360,360,360,360,360,360,360,360,360,327.8321,360,337.2729,360,360,360,360,360,360,360,360,360,360,327.8321,360,337.2729,360,360,360,360,360,360,360,360,360,360,327.8321,360,337.2729,360,360,360,360,360,360,360,360,360,360,327.8321,360,337.2729,360,360,360,360,360,360,360,360,360,360
322.4198,360,332.6181,360,360,360,360,360,360,360,360,360,360,322.4198,360,332.6181,360,360,360,360,360,360,360,360,360,360,322.4198,360,332.6181,360,360,360,360,360,360,360,360,360,360,322.4198,360,332.6181,360,360,360,360,360,360,360,360,360,360,322.4198,360,332.6181,360,360,360,360,360,360,360,360,360,360,322.4198,360,332.6181,360,360,360,360,360,360,360,360,360,360,322.4198,360,332.6181,360,360,360,360,360,360,360,360,360,360,322.4198,360,332.6181,360,360,360,360,360,360,360,360,360,360,322.4198,360,332.6181,360,360,360,360,360,360,360,360,360,360
316.6391,360,327.5686,360,360,360,360,360,360,360,360,360,360,316.6391,360,327.5686,360,360,360,360,360,360,360,360,360,360,316.6391,360,327.5686,360,360,360,360,360,360,360,360,360,360,316.6391,360,327.5686,360,360,360,360,360,360,360,360,360,360,316.6391,360,327.5686,360,360,360,360,360,360,360,360,360,360,316.6391,360,327.5686,360,360,360,360,360,360,360,360,360,360,316.6391,360,327.5686,360,360,360,360,360,360,360,360,360,360,316.6391,360,327.5686,360,360,360,360,360,360,360,360,360,360,316.6391,360,327.5686,360,360,360,360,360,360,360,360,360,360
310.5049,360,322.1374,360,360,360,360,360,360,360,360,360,360,310.5049,360,322.1374,360,360,360,360,360,360,360,360,360,360,310.5049,360,322.1374,360,360,360,360,360,360,360,360,360,360,310.5049,360,322.1374,360,360,360,360,360,360,360,360,360,360,310.5049,360,322.1374,360,360,360,360,360,360,360,360,360,360,310.5049,360,322.1374,360,360,360,360,360,360,360,360,360,360,310.5049,360,322.1374,360,360,360,360,360,360,360,360,360,360,310.5049,360,322.1374,360,360,360,360,360,360,360,360,360,360,310.5049,360,322.1374,360,360,360,360,360,360,360,360,360,360
304.0332,360,316.3386,360,359.9999,360,360,360,360,360,360,360,360,304.0332,360,316.3386,360,359.9999,360,360,360,360,360,360,360,360,304.0332,360,316.3386,360,359.9999,360,360,360,360,360,360,360,360,304.0332,360,316.3386,360,359.9999,360,360,360,360,360,360,360,360,304.0332,360,316.3386,360,359.9999,360,360,360,360,360,360,360,360,304.0332,360,316.3386,360,359.9999,360,360,360,360,360,360,360,360,304.0332,360,316.3386,360,359.9999,360,360,360,360,360,360,360,360,304.0332,360,316.3386,360,359.9999,360,360,360,360,360,360,360,360,304.0332,360,316.3386,360,359.9999,360,360,360,360,360,360,360,360
297.2406,360,310.187,359.7604,359.7577,360,360,360,360,360,360,360,360,297.2406,360,310.187,359.7604,359.7577,360,360,360,360,360,360,360,360,297.2406,360,310.187,359.7604,359.7577,360,360,360,360,360,360,360,360,297.2406,360,310.187,359.7604,359.7577,360,360,360,360,360,360,360,360,297.2406,360,310.187,359.7604,359.7577,360,360,360,360,360,360,360,360,297.2406,360,310.187,359.7604,359.7577,360,360,360,360,360,360,360,360,297.2406,360,310.187,359.7604,359.7577,360,360,360,360,360,360,360,360,297.2406,360,310.187,359.7604,359.7577,360,360,360,360,360,360,360,360,297.2406,360,310.187,359.7604,359.7577,360,360,360,360,360,360,360,360
290.1448,359.9743,303.6988,359.0559,359.0504,360,360,360,360,360,360,360,360,290.1448,359.9743,303.6988,359.0559,359.0504,360,360,360,360,360,360,360,360,290.1448,359.9743,303.6988,359.0559,359.0504,360,360,360,360,360,360,360,360,290.1448,359.9743,303.6988,359.0559,359.0504,360,360,360,360,360,360,360,360,290.1448,359.9743,303.6988,359.0559,359.0504,360,360,360,360,360,360,360,360,290.1448,359.9743,303.6988,359.0559,359.0504,360,360,360,360,360,360,360,360,290.1448,359.9743,303.6988,359.0559,359.0504,360,360,360,360,360,360,360,360,290.1448,359.9743,303.6988,359.0559,359.0504,360,360,360,360,360,360,360,360,290.1448,359.9743,303.6988,359.0559,359.0504,360,360,360,360,360,360,360,360
282.7641,359.5871,296.8905,357.8883,357.8801,360,360,360,360,360,360,360,360,282.7641,359.5871,296.8905,357.8883,357.8801,360,360,360,360,360,360,360,360,282.7641,359.5871,296.8905,357.8883,357.8801,360,360,360,360,360,360,360,360,282.7641,359.5871,296.8905,357.8883,357.8801,360,360,360,360,360,360,360,360,282.7641,359.5871,296.8905,357.8883,357.8801,360,360,360,360,360,360,360,360,282.7641,359.5871,296.8905,357.8883,357.8801,360,360,360,360,360,360,360,360,282.7641,359.5871,296.8905,357.8883,357.8801,360,360,360,360,360,360,360,360,282.7641,359.5871,296.8905,357.8883,357.8801,360,360,360,360,360,360,360,360,282.7641,359.5871,296.8905,357.8883,357.8801,360,360,360,360,360,360,360,360
275.1176,358.7353,289.7799,356.2605,356.2496,360,360,360,360,360,360,360,360,275.1176,358.7353,289.7799,356.2605,356.2496,360,360,360,360,360,360,360,360,275.1176,358.7353,289.7799,356.2605,356.2496,360,360,360,360,360,360,360,360,275.1176,358.7353,289.7799,356.2605,356.2496,360,360,360,360,360,360,360,360,275.1176,358.7353,289.7799,356.2605,356.2496,360,360,360,360,360,360,360,360,275.1176,358.7353,289.7799,356.2605,356.2496,360,360,360,360,360,360,360,360,275.1176,358.7353,289.7799,356.2605,356.2496,360,360,360,360,360,360,360,360,275.1176,358.7353,289.7799,356.2605,356.2496,360,360,360,360,360,360,360,360,275.1176,358.7353,289.7799,356.2605,356.2496,360,360,360,360,360,360,360,360
267.225,357.4212,282.3854,354.1768,354.1632,360,360,360,360,360,360,360,360,267.225,357.4212,282.3854,354.1768,354.1632,360,360,360,360,360,360,360,360,267.225,357.4212,282.3854,354.1768,354.1632,360,360,360,360,360,360,360,360,267.225,357.4212,282.3854,354.1768,354.1632,360,360,360,360,360,360,360,360,267.225,357.4212,282.3854,354.1768,354.1632,360,360,360,360,360,360,360,360,267.225,357.4212,282.3854,354.1768,354.1632,360,360,360,360,360,360,360,360,267.225,357.4212,282.3854,354.1768,354.1632,360,360,360,360,360,360,360,360,267.225,357.4212,282.3854,354.1768,354.1632,360,360,360,360,360,360,360,360,267.225,357.4212,282.3854,354.1768,354.1632,360,360,360,360,360,360,360,360
259.1069,355.6481,274.726,351.6425,351.6263,360,360,360,360,360,360,360,360,259.1069,355.6481,274.726,351.6425,351.6263,360,360,360,360,360,360,360,360,259.1069,355.6481,274.726,351.6425,351.6263,360,360,360,360,360,360,360,360,259.1069,355.6481,274.726,351.6425,351.6263,360,360,360,360,360,360,360,360,259.1069,355.6481,274.726,351.6425,351.6263,360,360,360,360,360,360,360,360,259.1069,355.6481,274.726,351.6425,351.6263,360,360,360,360,360,360,360,360,259.1069,355.6481,274.726,351.6425,351.6263,360,360,360,360,360,360,360,360,259.1069,355.6481,274.726,351.6425,351.6263,360,360,360,360,360,360,360,360,259.1069,355.6481,274.726,351.6425,351.6263,360,360,360,360,360,360,360,360
250.7841,353.4207,266.8216,348.6643,348.6456,360,360,360,360,360,360,360,360,250.7841,353.4207,266.8216,348.6643,348.6456,360,360,360,360,360,360,360,360,250.7841,353.4207,266.8216,348.6643,348.6456,360,360,360,360,360,360,360,360,250.7841,353.4207,266.8216,348.6643,348.6456,360,360,360,360,360,360,360,360,250.7841,353.4207,266.8216,348.6643,348.6456,360,360,360,360,360,360,360,360,250.7841,353.4207,266.8216,348.6643,348.6456,360,360,360,360,360,360,360,360,250.7841,353.4207,266.8216,348.6643,348.6456,360,360,360,360,360,360,360,360,250.7841,353.4207,266.8216,348.6643,348.6456,360,360,360,360,360,360,360,360,250.7841,353.4207,266.8216,348.6643,348.6456,360,360,360,360,360,360,360,360
242.2782,350.7448,258.6926,345.2498,345.2285,360,360,360,360,360,360,360,360,242.2782,350.7448,258.6926,345.2498,345.2285,360,360,360,360,360,360,360,360,242.2782,350.7448,258.6926,345.2498,345.2285,360,360,360,360,360,360,360,360,242.2782,350.7448,258.6926,345.2498,345.2285,360,360,360,360,360,360,360,360,242.2782,350.7448,258.6926,345.2498,345.2285,360,360,360,360,360,360,360,360,242.2782,350.7448,258.6926,345.2498,345.2285,360,360,360,360,360,360,360,360,242.2782,350.7448,258.6926,345.2498,345.2285,360,360,360,360,360,360,360,360,242.2782,350.7448,258.6926,345.2498,345.2285,360,360,360,360,360,360,360,360,242.2782,350.7448,258.6926,345.2498,345.2285,360,360,360,360,360,360,360,360
233.6112,347.6272,250.3601,341.4079,341.3841,360,360,360,360,360,360,360,360,233.6112,347.6272,250.3601,341.4079,341.3841,360,360,360,360,360,360,360,360,233.6112,347.6272,250.3601,341.4079,341.3841,360,360,360,360,360,360,360,360,233.6112,347.6272,250.3601,341.4079,341.3841,360,360,360,360,360,360,360,360,233.6112,347.6272,250.3601,341.4079,341.3841,360,360,360,360,360,360,360,360,233.6112,347.6272,250.3601,341.4079,341.3841,360,360,360,360,360,360,360,360,233.6112,347.6272,250.3601,341.4079,341.3841,360,360,360,360,360,360,360,360,233.6112,347.6272,250.3601,341.4079,341.3841,360,360,360,360,360,360,360,360,233.6112,347.6272,250.3601,341.4079,341.3841,360,360,360,360,360,360,360,360
224.8056,344.076,241.8456,337.1484,337.1223,359.8657,360,360,360,360,360,360,360,224.8056,344.076,241.8456,337.1484,337.1223,359.8657,360,360,360,360,360,360,360,224.8056,344.076,241.8456,337.1484,337.1223,359.8657,360,360,360,360,360,360,360,224.8056,344.076,241.8456,337.1484,337.1223,359.8657,360,360,360,360,360,360,360,224.8056,344.076,241.8456,337.1484,337.1223,359.8657,360,360,360,360,360,360,360,224.8056,344.076,241.8456,337.1484,337.1223,359.8657,360,360,360,360,360,360,360,224.8056,344.076,241.8456,337.1484,337.1223,359.8657,360,360,360,360,360,360,360,224.8056,344.076,241.8456,337.1484,337.1223,359.8657,360,360,360,360,360,360,360,224.8056,344.076,241.8456,337.1484,337.1223,359.8657,360,360,360,360,360,360,360
215.884,340.1004,233.1711,332.4825,332.454,359.2795,360,360,360,360,360,360,360,215.884,340.1004,233.1711,332.4825,332.454,359.2795,360,360,360,360,360,360,360,215.884,340.1004,233.1711,332.4825,332.454,359.2795,360,360,360,360,360,360,360,215.884,340.1004,233.1711,332.4825,332.454,359.2795,360,360,360,360,360,360,360,215.884,340.1004,233.1711,332.4825,332.454,359.2795,360,360,360,360,360,360,360,215.884,340.1004,233.1711,332.4825,332.454,359.2795,360,360,360,360,360,360,360,215.884,340.1004,233.1711,332.4825,332.454,359.2795,360,360,360,360,360,360,360,215.884,340.1004,233.1711,332.4825,332.454,359.2795,360,360,360,360,360,360,360,215.884,340.1004,233.1711,332.4825,332.454,359.2795,360,360,360,360,360,360,360
206.8697,335.7107,224.3591,327.4222,327.3914,358.2296,360,360,360,360,360,360,360,206.8697,335.7107,224.3591,327.4222,327.3914,358.2296,360,360,360,360,360,360,360,206.8697,335.7107,224.3591,327.4222,327.3914,358.2296,360,360,360,360,360,360,360,206.8697,335.7107,224.3591,327.4222,327.3914,358.2296,360,360,360,360,360,360,360,206.8697,335.7107,224.3591,327.4222,327.3914,358.2296,360,360,360,360,360,360,360,206.8697,335.7107,224.3591,327.4222,327.3914,358.2296,360,360,360,360,360,360,360,206.8697,335.7107,224.3591,327.4222,327.3914,358.2296,360,360,360,360,360,360,360,206.8697,335.7107,224.3591,327.4222,327.3914,358.2296,360,360,360,360,360,360,360,206.8697,335.7107,224.3591,327.4222,327.3914,358.2296,360,360,360,360,360,360,360
197.7859,330.9182,215.4322,321.9806,321.9476,356.7188,360,360,360,360,360,360,360,197.7859,330.9182,215.4322,321.9806,321.9476,356.7188,360,360,360,360,360,360,360,197.7859,330.9182,215.4322,321.9806,321.9476,356.7188,360,360,360,360,360,360,360,197.7859,330.9182,215.4322,321.9806,321.9476,356.7188,360,360,360,360,360,360,360,197.7859,330.9182,215.4322,321.9806,321.9476,356.7188,360,360,360,360,360,360,360,197.7859,330.9182,215.4322,321.9806,321.9476,356.7188,360,360,360,360,360,360,360,197.7859,330.9182,215.4322,321.9806,321.9476,356.7188,360,360,360,360,360,360,360,197.7859,330.9182,215.4322,321.9806,321.9476,356.7188,360,360,360,360,360,360,360,197.7859,330.9182,215.4322,321.9806,321.9476,356.7188,360,360,360,360,360,360,360
188.6559,325.7353,206.4139,316.1716,316.1366,354.7508,360,360,360,360,360,360,360,188.6559,325.7353,206.4139,316.1716,316.1366,354.7508,360,360,360,360,360,360,360,188.6559,325.7353,206.4139,316.1716,316.1366,354.7508,360,360,360,360,360,360,360,188.6559,325.7353,206.4139,316.1716,316.1366,354.7508,360,360,360,360,360,360,360,188.6559,325.7353,206.4139,316.1716,316.1366,354.7508,360,360,360,360,360,360,360,188.6559,325.7353,206.4139,316.1716,316.1366,354.7508,360,360,360,360,360,360,360,188.6559,325.7353,206.4139,316.1716,316.1366,354.7508,360,360,360,360,360,360,360,188.6559,325.7353,206.4139,316.1716,316.1366,354.7508,360,360,360,360,360,360,360,188.6559,325.7353,206.4139,316.1716,316.1366,354.7508,360,360,360,360,360,360,360
179.5036,320.1755,197.3271,310.0105,309.9734,352.3308,360,360,360,360,360,360,360,179.5036,320.1755,197.3271,310.0105,309.9734,352.3308,360,360,360,360,360,360,360,179.5036,320.1755,197.3271,310.0105,309.9734,352.3308,360,360,360,360,360,360,360,179.5036,320.1755,197.3271,310.0105,309.9734,352.3308,360,360,360,360,360,360,360,179.5036,320.1755,197.3271,310.0105,309.9734,352.3308,360,360,360,360,360,360,360,179.5036,320.1755,197.3271,310.0105,309.9734,352.3308,360,360,360,360,360,360,360,179.5036,320.1755,197.3271,310.0105,309.9734,352.3308,360,360,360,360,360,360,360,179.5036,320.1755,197.3271,310.0105,309.9734,352.3308,360,360,360,360,360,360,360,179.5036,320.1755,197.3271,310.0105,309.9734,352.3308,360,360,360,360,360,360,360
170.3527,314.2531,188.1955,303.513,303.474,349.4651,360,360,360,360,360,360,360,170.3527,314.2531,188.1955,303.513,303.474,349.4651,360,360,360,360,360,360,360,170.3527,314.2531,188.1955,303.513,303.474,349.4651,360,360,360,360,360,360,360,170.3527,314.2531,188.1955,303.513,303.474,349.4651,360,360,360,360,360,360,360,170.3527,314.2531,188.1955,303.513,303.474,349.4651,360,360,360,360,360,360,360,170.3527,314.2531,188.1955,303.513,303.474,349.4651,360,360,360,360,360,360,360,170.3527,314.2531,188.1955,303.513,303.474,349.4651,360,360,360,360,360,360,360,170.3527,314.2531,188.1955,303.513,303.474,349.4651,360,360,360,360,360,360,360,170.3527,314.2531,188.1955,303.513,303.474,349.4651,360,360,360,360,360,360,360
161.2267,307.9834,179.0427,296.6961,296.6553,346.1609,360,360,360,360,360,360,360,161.2267,307.9834,179.0427,296.6961,296.6553,346.1609,360,360,360,360,360,360,360,161.2267,307.9834,179.0427,296.6961,296.6553,346.1609,360,360,360,360,360,360,360,161.2267,307.9834,179.0427,296.6961,296.6553,346.1609,360,360,360,360,360,360,360,161.2267,307.9834,179.0427,296.6961,296.6553,346.1609,360,360,360,360,360,360,360,161.2267,307.9834,179.0427,296.6961,296.6553,346.1609,360,360,360,360,360,360,360,161.2267,307.9834,179.0427,296.6961,296.6553,346.1609,360,360,360,360,360,360,360,161.2267,307.9834,179.0427,296.6961,296.6553,346.1609,360,360,360,360,360,360,360,161.2267,307.9834,179.0427,296.6961,296.6553,346.1609,360,360,360,360,360,360,360
152.1492,301.3827,169.8925,289.5773,289.5348,342.427,360,360,360,360,360,360,360,152.1492,301.3827,169.8925,289.5773,289.5348,342.427,360,360,360,360,360,360,360,152.1492,301.3827,169.8925,289.5773,289.5348,342.427,360,360,360,360,360,360,360,152.1492,301.3827,169.8925,289.5773,289.5348,342.427,360,360,360,360,360,360,360,152.1492,301.3827,169.8925,289.5773,289.5348,342.427,360,360,360,360,360,360,360,152.1492,301.3827,169.8925,289.5773,289.5348,342.427,360,360,360,360,360,360,360,152.1492,301.3827,169.8925,289.5773,289.5348,342.427,360,360,360,360,360,360,360,152.1492,301.3827,169.8925,289.5773,289.5348,342.427,360,360,360,360,360,360,360,152.1492,301.3827,169.8925,289.5773,289.5348,342.427,360,360,360,360,360,360,360
143.1438,294.468,160.7684,282.1752,282.131,338.273,360,360,360,360,360,360,360,143.1438,294.468,160.7684,282.1752,282.131,338.273,360,360,360,360,360,360,360,143.1438,294.468,160.7684,282.1752,282.131,338.273,360,360,360,360,360,360,360,143.1438,294.468,160.7684,282.1752,282.131,338.273,360,360,360,360,360,360,360,143.1438,294.468,160.7684,282.1752,282.131,338.273,360,360,360,360,360,360,360,143.1438,294.468,160.7684,282.1752,282.131,338.273,360,360,360,360,360,360,360,143.1438,294.468,160.7684,282.1752,282.131,338.273,360,360,360,360,360,360,360,143.1438,294.468,160.7684,282.1752,282.131,338.273,360,360,360,360,360,360,360,143.1438,294.468,160.7684,282.1752,282.131,338.273,360,360,360,360,360,360,360
134.2337,287.2572,151.694,274.5086,274.463,333.7096,360,360,360,360,360,360,360,134.2337,287.2572,151.694,274.5086,274.463,333.7096,360,360,360,360,360,360,360,134.2337,287.2572,151.694,274.5086,274.463,333.7096,360,360,360,360,360,360,360,134.2337,287.2572,151.694,274.5086,274.463,333.7096,360,360,360,360,360,360,360,134.2337,287.2572,151.694,274.5086,274.463,333.7096,360,360,360,360,360,360,360,134.2337,287.2572,151.694,274.5086,274.463,333.7096,360,360,360,360,360,360,360,134.2337,287.2572,151.694,274.5086,274.463,333.7096,360,360,360,360,360,360,360,134.2337,287.2572,151.694,274.5086,274.463,333.7096,360,360,360,360,360,360,360,134.2337,287.2572,151.694,274.5086,274.463,333.7096,360,360,360,360,360,360,360
125.442,279.769,142.6927,266.5977,266.5507,328.7485,360,360,360,360,360,360,360,125.442,279.769,142.6927,266.5977,266.5507,328.7485,360,360,360,360,360,360,360,125.442,279.769,142.6927,266.5977,266.5507,328.7485,360,360,360,360,360,360,360,125.442,279.769,142.6927,266.5977,266.5507,328.7485,360,360,360,360,360,360,360,125.442,279.769,142.6927,266.5977,266.5507,328.7485,360,360,360,360,360,360,360,125.442,279.769,142.6927,266.5977,266.5507,328.7485,360,360,360,360,360,360,360,125.442,279.769,142.6927,266.5977,266.5507,328.7485,360,360,360,360,360,360,360,125.442,279.769,142.6927,266.5977,266.5507,328.7485,360,360,360,360,360,360,360,125.442,279.769,142.6927,266.5977,266.5507,328.7485,360,360,360,360,360,360,360
116.7914,272.0227,133.7881,258.4627,258.4145,323.4027,360,360,360,360,360,360,360,116.7914,272.0227,133.7881,258.4627,258.4145,323.4027,360,360,360,360,360,360,360,116.7914,272.0227,133.7881,258.4627,258.4145,323.4027,360,360,360,360,360,360,360,116.7914,272.0227,133.7881,258.4627,258.4145,323.4027,360,360,360,360,360,360,360,116.7914,272.0227,133.7881,258.4627,258.4145,323.4027,360,360,360,360,360,360,360,116.7914,272.0227,133.7881,258.4627,258.4145,323.4027,360,360,360,360,360,360,360,116.7914,272.0227,133.7881,258.4627,258.4145,323.4027,360,360,360,360,360,360,360,116.7914,272.0227,133.7881,258.4627,258.4145,323.4027,360,360,360,360,360,360,360,116.7914,272.0227,133.7881,258.4627,258.4145,323.4027,360,360,360,360,360,360,360
108.3044,264.0384,125.0029,250.1249,250.0755,317.6861,360,360,360,360,360,360,360,108.3044,264.0384,125.0029,250.1249,250.0755,317.6861,360,360,360,360,360,360,360,108.3044,264.0384,125.0029,250.1249,250.0755,317.6861,360,360,360,360,360,360,360,108.3044,264.0384,125.0029,250.1249,250.0755,317.6861,360,360,360,360,360,360,360,108.3044,264.0384,125.0029,250.1249,250.0755,317.6861,360,360,360,360,360,360,360,108.3044,264.0384,125.0029,250.1249,250.0755,317.6861,360,360,360,360,360,360,360,108.3044,264.0384,125.0029,250.1249,250.0755,317.6861,360,360,360,360,360,360,360,108.3044,264.0384,125.0029,250.1249,250.0755,317.6861,360,360,360,360,360,360,360,108.3044,264.0384,125.0029,250.1249,250.0755,317.6861,360,360,360,360,360,360,360
100.0028,255.8367,116.3601,241.6057,241.5552,311.6133,360,360,360,360,360,360,360,100.0028,255.8367,116.3601,241.6057,241.5552,311.6133,360,360,360,360,360,360,360,100.0028,255.8367,116.3601,241.6057,241.5552,311.6133,360,360,360,360,360,360,360,100.0028,255.8367,116.3601,241.6057,241.5552,311.6133,360,360,360,360,360,360,360,100.0028,255.8367,116.3601,241.6057,241.5552,311.6133,360,360,360,360,360,360,360,100.0028,255.8367,116.3601,241.6057,241.5552,311.6133,360,360,360,360,360,360,360,100.0028,255.8367,116.3601,241.6057,241.5552,311.6133,360,360,360,360,360,360,360,100.0028,255.8367,116.3601,241.6057,241.5552,311.6133,360,360,360,360,360,360,360,100.0028,255.8367,116.3601,241.6057,241.5552,311.6133,360,360,360,360,360,360,360
91.90792,247.4389,107.8817,232.9268,232.8757,305.1999,360,360,360,360,360,360,360,91.90792,247.4389,107.8817,232.9268,232.8757,305.1999,360,360,360,360,360,360,360,91.90792,247.4389,107.8817,232.9268,232.8757,305.1999,360,360,360,360,360,360,360,91.90792,247.4389,107.8817,232.9268,232.8757,305.1999,360,360,360,360,360,360,360,91.90792,247.4389,107.8817,232.9268,232.8757,305.1999,360,360,360,360,360,360,360,91.90792,247.4389,107.8817,232.9268,232.8757,305.1999,360,360,360,360,360,360,360,91.90792,247.4389,107.8817,232.9268,232.8757,305.1999,360,360,360,360,360,360,360,91.90792,247.4389,107.8817,232.9268,232.8757,305.1999,360,360,360,360,360,360,360,91.90792,247.4389,107.8817,232.9268,232.8757,305.1999,360,360,360,360,360,360,360
84.0411,238.8666,99.59004,224.1114,224.0594,298.4627,360,360,360,360,360,360,360,84.0411,238.8666,99.59004,224.1114,224.0594,298.4627,360,360,360,360,360,360,360,84.0411,238.8666,99.59004,224.1114,224.0594,298.4627,360,360,360,360,360,360,360,84.0411,238.8666,99.59004,224.1114,224.0594,298.4627,360,360,360,360,360,360,360,84.0411,238.8666,99.59004,224.1114,224.0594,298.4627,360,360,360,360,360,360,360,84.0411,238.8666,99.59004,224.1114,224.0594,298.4627,360,360,360,360,360,360,360,84.0411,238.8666,99.59004,224.1114,224.0594,298.4627,360,360,360,360,360,360,360,84.0411,238.8666,99.59004,224.1114,224.0594,298.4627,360,360,360,360,360,360,360,84.0411,238.8666,99.59004,224.1114,224.0594,298.4627,360,360,360,360,360,360,360
76.42242,230.142,91.50626,215.1818,215.1292,291.4192,360,360,360,360,360,360,360,76.42242,230.142,91.50626,215.1818,215.1292,291.4192,360,360,360,360,360,360,360,76.42242,230.142,91.50626,215.1818,215.1292,291.4192,360,360,360,360,360,360,360,76.42242,230.142,91.50626,215.1818,215.1292,291.4192,360,360,360,360,360,360,360,76.42242,230.142,91.50626,215.1818,215.1292,291.4192,360,360,360,360,360,360,360,76.42242,230.142,91.50626,215.1818,215.1292,291.4192,360,360,360,360,360,360,360,76.42242,230.142,91.50626,215.1818,215.1292,291.4192,360,360,360,360,360,360,360,76.42242,230.142,91.50626,215.1818,215.1292,291.4192,360,360,360,360,360,360,360,76.42242,230.142,91.50626,215.1818,215.1292,291.4192,360,360,360,360,360,360,360
69.07173,221.2878,83.65146,206.1611,206.1081,284.0874,359.9084,360,360,360,360,360,360,69.07173,221.2878,83.65146,206.1611,206.1081,284.0874,359.9084,360,360,360,360,360,360,69.07173,221.2878,83.65146,206.1611,206.1081,284.0874,359.9084,360,360,360,360,360,360,69.07173,221.2878,83.65146,206.1611,206.1081,284.0874,359.9084,360,360,360,360,360,360,69.07173,221.2878,83.65146,206.1611,206.1081,284.0874,359.9084,360,360,360,360,360,360,69.07173,221.2878,83.65146,206.1611,206.1081,284.0874,359.9084,360,360,360,360,360,360,69.07173,221.2878,83.65146,206.1611,206.1081,284.0874,359.9084,360,360,360,360,360,360,69.07173,221.2878,83.65146,206.1611,206.1081,284.0874,359.9084,360,360,360,360,360,360,69.07173,221.2878,83.65146,206.1611,206.1081,284.0874,359.9084,360,360,360,360,360,360
62.00789,212.3267,76.04581,197.0727,197.0194,276.4864,359.3839,360,360,360,360,360,360,62.00789,212.3267,76.04581,197.0727,197.0194,276.4864,359.3839,360,360,360,360,360,360,62.00789,212.3267,76.04581,197.0727,197.0194,276.4864,359.3839,360,360,360,360,360,360,62.00789,212.3267,76.04581,197.0727,197.0194,276.4864,359.3839,360,360,360,360,360,360,62.00789,212.3267,76.04581,197.0727,197.0194,276.4864,359.3839,360,360,360,360,360,360,62.00789,212.3267,76.04581,197.0727,197.0194,276.4864,359.3839,360,360,360,360,360,360,62.00789,212.3267,76.04581,197.0727,197.0194,276.4864,359.3839,360,360,360,360,360,360,62.00789,212.3267,76.04581,197.0727,197.0194,276.4864,359.3839,360,360,360,360,360,360,62.00789,212.3267,76.04581,197.0727,197.0194,276.4864,359.3839,360,360,360,360,360,360
55.24934,203.282,68.70911,187.9403,187.8867,268.6359,358.3954,360,359.9948,360,360,360,360,55.24934,203.282,68.70911,187.9403,187.8867,268.6359,358.3954,360,359.9948,360,360,360,360,55.24934,203.282,68.70911,187.9403,187.8867,268.6359,358.3954,360,359.9948,360,360,360,360,55.24934,203.282,68.70911,187.9403,187.8867,268.6359,358.3954,360,359.9948,360,360,360,360,55.24934,203.282,68.70911,187.9403,187.8867,268.6359,358.3954,360,359.9948,360,360,360,360,55.24934,203.282,68.70911,187.9403,187.8867,268.6359,358.3954,360,359.9948,360,360,360,360,55.24934,203.282,68.70911,187.9403,187.8867,268.6359,358.3954,360,359.9948,360,360,360,360,55.24934,203.282,68.70911,187.9403,187.8867,268.6359,358.3954,360,359.9948,360,360,360,360,55.24934,203.282,68.70911,187.9403,187.8867,268.6359,358.3954,360,359.9948,360,360,360,360
48.81346,194.1772,61.66025,178.7873,178.7337,260.5561,356.9455,360,359.6927,360,360,360,360,48.81346,194.1772,61.66025,178.7873,178.7337,260.5561,356.9455,360,359.6927,360,360,360,360,48.81346,194.1772,61.66025,178.7873,178.7337,260.5561,356.9455,360,359.6927,360,360,360,360,48.81346,194.1772,61.66025,178.7873,178.7337,260.5561,356.9455,360,359.6927,360,360,360,360,48.81346,194.1772,61.66025,178.7873,178.7337,260.5561,356.9455,360,359.6927,360,360,360,360,48.81346,194.1772,61.66025,178.7873,178.7337,260.5561,356.9455,360,359.6927,360,360,360,360,48.81346,194.1772,61.66025,178.7873,178.7337,260.5561,356.9455,360,359.6927,360,360,360,360,48.81346,194.1772,61.66025,178.7873,178.7337,260.5561,356.9455,360,359.6927,360,360,360,360,48.81346,194.1772,61.66025,178.7873,178.7337,260.5561,356.9455,360,359.6927,360,360,360,360
42.71688,185.0356,54.91749,169.6375,169.5839,252.2678,355.0378,360,358.9257,360,360,360,360,42.71688,185.0356,54.91749,169.6375,169.5839,252.2678,355.0378,360,358.9257,360,360,360,360,42.71688,185.0356,54.91749,169.6375,169.5839,252.2678,355.0378,360,358.9257,360,360,360,360,42.71688,185.0356,54.91749,169.6375,169.5839,252.2678,355.0378,360,358.9257,360,360,360,360,42.71688,185.0356,54.91749,169.6375,169.5839,252.2678,355.0378,360,358.9257,360,360,360,360,42.71688,185.0356,54.91749,169.6375,169.5839,252.2678,355.0378,360,358.9257,360,360,360,360,42.71688,185.0356,54.91749,169.6375,169.5839,252.2678,355.0378,360,358.9257,360,360,360,360,42.71688,185.0356,54.91749,169.6375,169.5839,252.2678,355.0378,360,358.9257,360,360,360,360,42.71688,185.0356,54.91749,169.6375,169.5839,252.2678,355.0378,360,358.9257,360,360,360,360
36.97541,175.8811,48.4983,160.5144,160.461,243.7927,352.6774,360,357.6959,360,360,360,360,36.97541,175.8811,48.4983,160.5144,160.461,243.7927,352.6774,360,357.6959,360,360,360,360,36.97541,175.8811,48.4983,160.5144,160.461,243.7927,352.6774,360,357.6959,360,360,360,360,36.97541,175.8811,48.4983,160.5144,160.461,243.7927,352.6774,360,357.6959,360,360,360,360,36.97541,175.8811,48.4983,160.5144,160.461,243.7927,352.6774,360,357.6959,360,360,360,360,36.97541,175.8811,48.4983,160.5144,160.461,243.7927,352.6774,360,357.6959,360,360,360,360,36.97541,175.8811,48.4983,160.5144,160.461,243.7927,352.6774,360,357.6959,360,360,360,360,36.97541,175.8811,48.4983,160.5144,160.461,243.7927,352.6774,360,357.6959,360,360,360,360,36.97541,175.8811,48.4983,160.5144,160.461,243.7927,352.6774,360,357.6959,360,360,360,360
31.60384,166.737,42.41918,151.4416,151.3887,235.1525,349.8703,359.897,356.0065,360,360,360,360,31.60384,166.737,42.41918,151.4416,151.3887,235.1525,349.8703,359.897,356.0065,360,360,360,360,31.60384,166.737,42.41918,151.4416,151.3887,235.1525,349.8703,359.897,356.0065,360,360,360,360,31.60384,166.737,42.41918,151.4416,151.3887,235.1525,349.8703,359.897,356.0065,360,360,360,360,31.60384,166.737,42.41918,151.4416,151.3887,235.1525,349.8703,359.897,356.0065,360,360,360,360,31.60384,166.737,42.41918,151.4416,151.3887,235.1525,349.8703,359.897,356.0065,360,360,360,360,31.60384,166.737,42.41918,151.4416,151.3887,235.1525,349.8703,359.897,356.0065,360,360,360,360,31.60384,166.737,42.41918,151.4416,151.3887,235.1525,349.8703,359.897,356.0065,360,360,360,360,31.60384,166.737,42.41918,151.4416,151.3887,235.1525,349.8703,359.897,356.0065,360,360,360,360
26.61618,157.6274,36.69598,142.4428,142.3904,226.3697,346.6238,359.3549,353.8618,360,360,360,360,26.61618,157.6274,36.69598,142.4428,142.3904,226.3697,346.6238,359.3549,353.8618,360,360,360,360,26.61618,157.6274,36.69598,142.4428,142.3904,226.3697,346.6238,359.3549,353.8618,360,360,360,360,26.61618,157.6274,36.69598,142.4428,142.3904,226.3697,346.6238,359.3549,353.8618,360,360,360,360,26.61618,157.6274,36.69598,142.4428,142.3904,226.3697,346.6238,359.3549,353.8618,360,360,360,360,26.61618,157.6274,36.69598,142.4428,142.3904,226.3697,346.6238,359.3549,353.8618,360,360,360,360,26.61618,157.6274,36.69598,142.4428,142.3904,226.3697,346.6238,359.3549,353.8618,360,360,360,360,26.61618,157.6274,36.69598,142.4428,142.3904,226.3697,346.6238,359.3549,353.8618,360,360,360,360,26.61618,157.6274,36.69598,142.4428,142.3904,226.3697,346.6238,359.3549,353.8618,360,360,360,360
22.02525,148.5757,31.34346,133.5412,133.4894,217.467,342.9464,358.3488,351.2674,360,360,360,360,22.02525,148.5757,31.34346,133.5412,133.4894,217.467,342.9464,358.3488,351.2674,360,360,360,360,22.02525,148.5757,31.34346,133.5412,133.4894,217.467,342.9464,358.3488,351.2674,360,360,360,360,22.02525,148.5757,31.34346,133.5412,133.4894,217.467,342.9464,358.3488,351.2674,360,360,360,360,22.02525,148.5757,31.34346,133.5412,133.4894,217.467,342.9464,358.3488,351.2674,360,360,360,360,22.02525,148.5757,31.34346,133.5412,133.4894,217.467,342.9464,358.3488,351.2674,360,360,360,360,22.02525,148.5757,31.34346,133.5412,133.4894,217.467,342.9464,358.3488,351.2674,360,360,360,360,22.02525,148.5757,31.34346,133.5412,133.4894,217.467,342.9464,358.3488,351.2674,360,360,360,360,22.02525,148.5757,31.34346,133.5412,133.4894,217.467,342.9464,358.3488,351.2674,360,360,360,360
17.84295,139.6052,26.37548,124.7597,124.7087,208.4673,338.8474,356.8814,348.23,360,360,360,360,17.84295,139.6052,26.37548,124.7597,124.7087,208.4673,338.8474,356.8814,348.23,360,360,360,360,17.84295,139.6052,26.37548,124.7597,124.7087,208.4673,338.8474,356.8814,348.23,360,360,360,360,17.84295,139.6052,26.37548,124.7597,124.7087,208.4673,338.8474,356.8814,348.23,360,360,360,360,17.84295,139.6052,26.37548,124.7597,124.7087,208.4673,338.8474,356.8814,348.23,360,360,360,360,17.84295,139.6052,26.37548,124.7597,124.7087,208.4673,338.8474,356.8814,348.23,360,360,360,360,17.84295,139.6052,26.37548,124.7597,124.7087,208.4673,338.8474,356.8814,348.23,360,360,360,360,17.84295,139.6052,26.37548,124.7597,124.7087,208.4673,338.8474,356.8814,348.23,360,360,360,360,17.84295,139.6052,26.37548,124.7597,124.7087,208.4673,338.8474,356.8814,348.23,360,360,360,360
14.08008,130.7393,21.80485,116.1211,116.071,199.394,334.3376,354.9565,344.7575,359.9125,360,360,360,14.08008,130.7393,21.80485,116.1211,116.071,199.394,334.3376,354.9565,344.7575,359.9125,360,360,360,14.08008,130.7393,21.80485,116.1211,116.071,199.394,334.3376,354.9565,344.7575,359.9125,360,360,360,14.08008,130.7393,21.80485,116.1211,116.071,199.394,334.3376,354.9565,344.7575,359.9125,360,360,360,14.08008,130.7393,21.80485,116.1211,116.071,199.394,334.3376,354.9565,344.7575,359.9125,360,360,360,14.08008,130.7393,21.80485,116.1211,116.071,199.394,334.3376,354.9565,344.7575,359.9125,360,360,360,14.08008,130.7393,21.80485,116.1211,116.071,199.394,334.3376,354.9565,344.7575,359.9125,360,360,360,14.08008,130.7393,21.80485,116.1211,116.071,199.394,334.3376,354.9565,344.7575,359.9125,360,360,360,14.08008,130.7393,21.80485,116.1211,116.071,199.394,334.3376,354.9565,344.7575,359.9125,360,360,360
10.74639,122.0007,17.6434,107.6478,107.5987,190.2706,329.4286,352.579,340.8587,359.3944,360,360,360,10.74639,122.0007,17.6434,107.6478,107.5987,190.2706,329.4286,352.579,340.8587,359.3944,360,360,360,10.74639,122.0007,17.6434,107.6478,107.5987,190.2706,329.4286,352.579,340.8587,359.3944,360,360,360,10.74639,122.0007,17.6434,107.6478,107.5987,190.2706,329.4286,352.579,340.8587,359.3944,360,360,360,10.74639,122.0007,17.6434,107.6478,107.5987,190.2706,329.4286,352.579,340.8587,359.3944,360,360,360,10.74639,122.0007,17.6434,107.6478,107.5987,190.2706,329.4286,352.579,340.8587,359.3944,360,360,360,10.74639,122.0007,17.6434,107.6478,107.5987,190.2706,329.4286,352.579,340.8587,359.3944,360,360,360,10.74639,122.0007,17.6434,107.6478,107.5987,190.2706,329.4286,352.579,340.8587,359.3944,360,360,360,10.74639,122.0007,17.6434,107.6478,107.5987,190.2706,329.4286,352.579,340.8587,359.3944,360,360,360
7.850504,113.4122,13.90192,99.36152,99.31364,181.1205,324.133,349.7551,336.5439,358.4124,360,360,360,7.850504,113.4122,13.90192,99.36152,99.31364,181.1205,324.133,349.7551,336.5439,358.4124,360,360,360,7.850504,113.4122,13.90192,99.36152,99.31364,181.1205,324.133,349.7551,336.5439,358.4124,360,360,360,7.850504,113.4122,13.90192,99.36152,99.31364,181.1205,324.133,349.7551,336.5439,358.4124,360,360,360,7.850504,113.4122,13.90192,99.36152,99.31364,181.1205,324.133,349.7551,336.5439,358.4124,360,360,360,7.850504,113.4122,13.90192,99.36152,99.31364,181.1205,324.133,349.7551,336.5439,358.4124,360,360,360,7.850504,113.4122,13.90192,99.36152,99.31364,181.1205,324.133,349.7551,336.5439,358.4124,360,360,360,7.850504,113.4122,13.90192,99.36152,99.31364,181.1205,324.133,349.7551,336.5439,358.4124,360,360,360,7.850504,113.4122,13.90192,99.36152,99.31364,181.1205,324.133,349.7551,336.5439,358.4124,360,360,360
5.399899,104.9958,10.59007,91.28392,91.23725,171.9676,318.4646,346.4921,331.8242,356.9688,360,360,360,5.399899,104.9958,10.59007,91.28392,91.23725,171.9676,318.4646,346.4921,331.8242,356.9688,360,360,360,5.399899,104.9958,10.59007,91.28392,91.23725,171.9676,318.4646,346.4921,331.8242,356.9688,360,360,360,5.399899,104.9958,10.59007,91.28392,91.23725,171.9676,318.4646,346.4921,331.8242,356.9688,360,360,360,5.399899,104.9958,10.59007,91.28392,91.23725,171.9676,318.4646,346.4921,331.8242,356.9688,360,360,360,5.399899,104.9958,10.59007,91.28392,91.23725,171.9676,318.4646,346.4921,331.8242,356.9688,360,360,360,5.399899,104.9958,10.59007,91.28392,91.23725,171.9676,318.4646,346.4921,331.8242,356.9688,360,360,360,5.399899,104.9958,10.59007,91.28392,91.23725,171.9676,318.4646,346.4921,331.8242,356.9688,360,360,360,5.399899,104.9958,10.59007,91.28392,91.23725,171.9676,318.4646,346.4921,331.8242,356.9688,360,360,360
3.400923,96.77357,7.716426,83.43573,83.39053,162.8354,312.4381,342.7985,326.7118,355.0675,359.9419,360,360,3.400923,96.77357,7.716426,83.43573,83.39053,162.8354,312.4381,342.7985,326.7118,355.0675,359.9419,360,360,3.400923,96.77357,7.716426,83.43573,83.39053,162.8354,312.4381,342.7985,326.7118,355.0675,359.9419,360,360,3.400923,96.77357,7.716426,83.43573,83.39053,162.8354,312.4381,342.7985,326.7118,355.0675,359.9419,360,360,3.400923,96.77357,7.716426,83.43573,83.39053,162.8354,312.4381,342.7985,326.7118,355.0675,359.9419,360,360,3.400923,96.77357,7.716426,83.43573,83.39053,162.8354,312.4381,342.7985,326.7118,355.0675,359.9419,360,360,3.400923,96.77357,7.716426,83.43573,83.39053,162.8354,312.4381,342.7985,326.7118,355.0675,359.9419,360,360,3.400923,96.77357,7.716426,83.43573,83.39053,162.8354,312.4381,342.7985,326.7118,355.0675,359.9419,360,360,3.400923,96.77357,7.716426,83.43573,83.39053,162.8354,312.4381,342.7985,326.7118,355.0675,359.9419,360,360
1.858728,88.7665,5.288404,75.83731,75.79356,153.7477,306.069,338.6838,321.2198,352.7133,359.4765,360,360,1.858728,88.7665,5.288404,75.83731,75.79356,153.7477,306.069,338.6838,321.2198,352.7133,359.4765,360,360,1.858728,88.7665,5.288404,75.83731,75.79356,153.7477,306.069,338.6838,321.2198,352.7133,359.4765,360,360,1.858728,88.7665,5.288404,75.83731,75.79356,153.7477,306.069,338.6838,321.2198,352.7133,359.4765,360,360,1.858728,88.7665,5.288404,75.83731,75.79356,153.7477,306.069,338.6838,321.2198,352.7133,359.4765,360,360,1.858728,88.7665,5.288404,75.83731,75.79356,153.7477,306.069,338.6838,321.2198,352.7133,359.4765,360,360,1.858728,88.7665,5.288404,75.83731,75.79356,153.7477,306.069,338.6838,321.2198,352.7133,359.4765,360,360,1.858728,88.7665,5.288404,75.83731,75.79356,153.7477,306.069,338.6838,321.2198,352.7133,359.4765,360,360,1.858728,88.7665,5.288404,75.83731,75.79356,153.7477,306.069,338.6838,321.2198,352.7133,359.4765,360,360
0.7773364,80.99544,3.312314,68.50839,68.46628,144.7278,299.3737,334.1586,315.3626,349.9124,358.5469,360,360,0.7773364,80.99544,3.312314,68.50839,68.46628,144.7278,299.3737,334.1586,315.3626,349.9124,358.5469,360,360,0.7773364,80.99544,3.312314,68.50839,68.46628,144.7278,299.3737,334.1586,315.3626,349.9124,358.5469,360,360,0.7773364,80.99544,3.312314,68.50839,68.46628,144.7278,299.3737,334.1586,315.3626,349.9124,358.5469,360,360,0.7773364,80.99544,3.312314,68.50839,68.46628,144.7278,299.3737,334.1586,315.3626,349.9124,358.5469,360,360,0.7773364,80.99544,3.312314,68.50839,68.46628,144.7278,299.3737,334.1586,315.3626,349.9124,358.5469,360,360,0.7773364,80.99544,3.312314,68.50839,68.46628,144.7278,299.3737,334.1586,315.3626,349.9124,358.5469,360,360,0.7773364,80.99544,3.312314,68.50839,68.46628,144.7278,299.3737,334.1586,315.3626,349.9124,358.5469,360,360,0.7773364,80.99544,3.312314,68.50839,68.46628,144.7278,299.3737,334.1586,315.3626,349.9124,358.5469,360,360
0.1595271,73.48053,1.79325,61.46783,61.42747,135.7992,292.3698,329.2346,309.1553,346.672,357.1555,360,360,0.1595271,73.48053,1.79325,61.46783,61.42747,135.7992,292.3698,329.2346,309.1553,346.672,357.1555,360,360,0.1595271,73.48053,1.79325,61.46783,61.42747,135.7992,292.3698,329.2346,309.1553,346.672,357.1555,360,360,0.1595271,73.48053,1.79325,61.46783,61.42747,135.7992,292.3698,329.2346,309.1553,346.672,357.1555,360,360,0.1595271,73.48053,1.79325,61.46783,61.42747,135.7992,292.3698,329.2346,309.1553,346.672,357.1555,360,360,0.1595271,73.48053,1.79325,61.46783,61.42747,135.7992,292.3698,329.2346,309.1553,346.672,357.1555,360,360,0.1595271,73.48053,1.79325,61.46783,61.42747,135.7992,292.3698,329.2346,309.1553,346.672,357.1555,360,360,0.1595271,73.48053,1.79325,61.46783,61.42747,135.7992,292.3698,329.2346,309.1553,346.672,357.1555,360,360,0.1595271,73.48053,1.79325,61.46783,61.42747,135.7992,292.3698,329.2346,309.1553,346.672,357.1555,360,360
0,66.24108,0.7351398,54.73386,54.69535,126.985,285.0752,323.9247,302.6139,343.0005,355.3058,360,360,0,66.24108,0.7351398,54.73386,54.69535,126.985,285.0752,323.9247,302.6139,343.0005,355.3058,360,360,0,66.24108,0.7351398,54.73386,54.69535,126.985,285.0752,323.9247,302.6139,343.0005,355.3058,360,360,0,66.24108,0.7351398,54.73386,54.69535,126.985,285.0752,323.9247,302.6139,343.0005,355.3058,360,360,0,66.24108,0.7351398,54.73386,54.69535,126.985,285.0752,323.9247,302.6139,343.0005,355.3058,360,360,0,66.24108,0.7351398,54.73386,54.69535,126.985,285.0752,323.9247,302.6139,343.0005,355.3058,360,360,0,66.24108,0.7351398,54.73386,54.69535,126.985,285.0752,323.9247,302.6139,343.0005,355.3058,360,360,0,66.24108,0.7351398,54.73386,54.69535,126.985,285.0752,323.9247,302.6139,343.0005,355.3058,360,360,0,66.24108,0.7351398,54.73386,54.69535,126.985,285.0752,323.9247,302.6139,343.0005,355.3058,360,360
0,59.29595,0.1407194,48.32392,48.28738,118.3078,277.5088,318.2425,295.7552,338.9074,353.0027,360,360,0,59.29595,0.1407194,48.32392,48.28738,118.3078,277.5088,318.2425,295.7552,338.9074,353.0027,360,360,0,59.29595,0.1407194,48.32392,48.28738,118.3078,277.5088,318.2425,295.7552,338.9074,353.0027,360,360,0,59.29595,0.1407194,48.32392,48.28738,118.3078,277.5088,318.2425,295.7552,338.9074,353.0027,360,360,0,59.29595,0.1407194,48.32392,48.28738,118.3078,277.5088,318.2425,295.7552,338.9074,353.0027,360,360,0,59.29595,0.1407194,48.32392,48.28738,118.3078,277.5088,318.2425,295.7552,338.9074,353.0027,360,360,0,59.29595,0.1407194,48.32392,48.28738,118.3078,277.5088,318.2425,295.7552,338.9074,353.0027,360,360,0,59.29595,0.1407194,48.32392,48.28738,118.3078,277.5088,318.2425,295.7552,338.9074,353.0027,360,360,0,59.29595,0.1407194,48.32392,48.28738,118.3078,277.5088,318.2425,295.7552,338.9074,353.0027,360,360
0,52.66307,0,42.25463,42.2201,109.7903,269.6902,312.2027,288.5974,334.4033,350.2521,360,360,0,52.66307,0,42.25463,42.2201,109.7903,269.6902,312.2027,288.5974,334.4033,350.2521,360,360,0,52.66307,0,42.25463,42.2201,109.7903,269.6902,312.2027,288.5974,334.4033,350.2521,360,360,0,52.66307,0,42.25463,42.2201,109.7903,269.6902,312.2027,288.5974,334.4033,350.2521,360,360,0,52.66307,0,42.25463,42.2201,109.7903,269.6902,312.2027,288.5974,334.4033,350.2521,360,360,0,52.66307,0,42.25463,42.2201,109.7903,269.6902,312.2027,288.5974,334.4033,350.2521,360,360,0,52.66307,0,42.25463,42.2201,109.7903,269.6902,312.2027,288.5974,334.4033,350.2521,360,360,0,52.66307,0,42.25463,42.2201,109.7903,269.6902,312.2027,288.5974,334.4033,350.2521,360,360,0,52.66307,0,42.25463,42.2201,109.7903,269.6902,312.2027,288.5974,334.4033,350.2521,360,360
0,46.35949,0,36.54158,36.50919,101.4543,261.6395,305.8209,281.1584,329.4997,347.0611,360,359.8562,0,46.35949,0,36.54158,36.50919,101.4543,261.6395,305.8209,281.1584,329.4997,347.0611,360,359.8562,0,46.35949,0,36.54158,36.50919,101.4543,261.6395,305.8209,281.1584,329.4997,347.0611,360,359.8562,0,46.35949,0,36.54158,36.50919,101.4543,261.6395,305.8209,281.1584,329.4997,347.0611,360,359.8562,0,46.35949,0,36.54158,36.50919,101.4543,261.6395,305.8209,281.1584,329.4997,347.0611,360,359.8562,0,46.35949,0,36.54158,36.50919,101.4543,261.6395,305.8209,281.1584,329.4997,347.0611,360,359.8562,0,46.35949,0,36.54158,36.50919,101.4543,261.6395,305.8209,281.1584,329.4997,347.0611,360,359.8562,0,46.35949,0,36.54158,36.50919,101.4543,261.6395,305.8209,281.1584,329.4997,347.0611,360,359.8562,0,46.35949,0,36.54158,36.50919,101.4543,261.6395,305.8209,281.1584,329.4997,347.0611,360,359.8562
0,40.40151,0,31.19953,31.16935,93.32139,253.3776,299.1136,273.4578,324.2094,343.4379,360,359.2578,0,40.40151,0,31.19953,31.16935,93.32139,253.3776,299.1136,273.4578,324.2094,343.4379,360,359.2578,0,40.40151,0,31.19953,31.16935,93.32139,253.3776,299.1136,273.4578,324.2094,343.4379,360,359.2578,0,40.40151,0,31.19953,31.16935,93.32139,253.3776,299.1136,273.4578,324.2094,343.4379,360,359.2578,0,40.40151,0,31.19953,31.16935,93.32139,253.3776,299.1136,273.4578,324.2094,343.4379,360,359.2578,0,40.40151,0,31.19953,31.16935,93.32139,253.3776,299.1136,273.4578,324.2094,343.4379,360,359.2578,0,40.40151,0,31.19953,31.16935,93.32139,253.3776,299.1136,273.4578,324.2094,343.4379,360,359.2578,0,40.40151,0,31.19953,31.16935,93.32139,253.3776,299.1136,273.4578,324.2094,343.4379,360,359.2578,0,40.40151,0,31.19953,31.16935,93.32139,253.3776,299.1136,273.4578,324.2094,343.4379,360,359.2578
0,34.80476,0,26.24249,26.2146,85.41291,244.9261,292.0983,265.5155,318.5461,339.3921,360,358.1958,0,34.80476,0,26.24249,26.2146,85.41291,244.9261,292.0983,265.5155,318.5461,339.3921,360,358.1958,0,34.80476,0,26.24249,26.2146,85.41291,244.9261,292.0983,265.5155,318.5461,339.3921,360,358.1958,0,34.80476,0,26.24249,26.2146,85.41291,244.9261,292.0983,265.5155,318.5461,339.3921,360,358.1958,0,34.80476,0,26.24249,26.2146,85.41291,244.9261,292.0983,265.5155,318.5461,339.3921,360,358.1958,0,34.80476,0,26.24249,26.2146,85.41291,244.9261,292.0983,265.5155,318.5461,339.3921,360,358.1958,0,34.80476,0,26.24249,26.2146,85.41291,244.9261,292.0983,265.5155,318.5461,339.3921,360,358.1958,0,34.80476,0,26.24249,26.2146,85.41291,244.9261,292.0983,265.5155,318.5461,339.3921,360,358.1958,0,34.80476,0,26.24249,26.2146,85.41291,244.9261,292.0983,265.5155,318.5461,339.3921,360,358.1958
0,29.58348,0,21.68308,21.65758,77.74887,236.3065,284.793,257.352,312.5244,334.9339,360,356.6728,0,29.58348,0,21.68308,21.65758,77.74887,236.3065,284.793,257.352,312.5244,334.9339,360,356.6728,0,29.58348,0,21.68308,21.65758,77.74887,236.3065,284.793,257.352,312.5244,334.9339,360,356.6728,0,29.58348,0,21.68308,21.65758,77.74887,236.3065,284.793,257.352,312.5244,334.9339,360,356.6728,0,29.58348,0,21.68308,21.65758,77.74887,236.3065,284.793,257.352,312.5244,334.9339,360,356.6728,0,29.58348,0,21.68308,21.65758,77.74887,236.3065,284.793,257.352,312.5244,334.9339,360,356.6728,0,29.58348,0,21.68308,21.65758,77.74887,236.3065,284.793,257.352,312.5244,334.9339,360,356.6728,0,29.58348,0,21.68308,21.65758,77.74887,236.3065,284.793,257.352,312.5244,334.9339,360,356.6728,0,29.58348,0,21.68308,21.65758,77.74887,236.3065,284.793,257.352,312.5244,334.9339,360,356.6728
0,24.75136,0,17.53326,17.51017,70.34953,227.5414,277.2167,248.9885,306.16,330.075,360,354.6929,0,24.75136,0,17.53326,17.51017,70.34953,227.5414,277.2167,248.9885,306.16,330.075,360,354.6929,0,24.75136,0,17.53326,17.51017,70.34953,227.5414,277.2167,248.9885,306.16,330.075,360,354.6929,0,24.75136,0,17.53326,17.51017,70.34953,227.5414,277.2167,248.9885,306.16,330.075,360,354.6929,0,24.75136,0,17.53326,17.51017,70.34953,227.5414,277.2167,248.9885,306.16,330.075,360,354.6929,0,24.75136,0,17.53326,17.51017,70.34953,227.5414,277.2167,248.9885,306.16,330.075,360,354.6929,0,24.75136,0,17.53326,17.51017,70.34953,227.5414,277.2167,248.9885,306.16,330.075,360,354.6929,0,24.75136,0,17.53326,17.51017,70.34953,227.5414,277.2167,248.9885,306.16,330.075,360,354.6929,0,24.75136,0,17.53326,17.51017,70.34953,227.5414,277.2167,248.9885,306.16,330.075,360,354.6929
0,20.32074,0,13.80362,13.78302,63.23369,218.6531,269.3888,240.4464,299.4692,324.8279,360,352.261,0,20.32074,0,13.80362,13.78302,63.23369,218.6531,269.3888,240.4464,299.4692,324.8279,360,352.261,0,20.32074,0,13.80362,13.78302,63.23369,218.6531,269.3888,240.4464,299.4692,324.8279,360,352.261,0,20.32074,0,13.80362,13.78302,63.23369,218.6531,269.3888,240.4464,299.4692,324.8279,360,352.261,0,20.32074,0,13.80362,13.78302,63.23369,218.6531,269.3888,240.4464,299.4692,324.8279,360,352.261,0,20.32074,0,13.80362,13.78302,63.23369,218.6531,269.3888,240.4464,299.4692,324.8279,360,352.261,0,20.32074,0,13.80362,13.78302,63.23369,218.6531,269.3888,240.4464,299.4692,324.8279,360,352.261,0,20.32074,0,13.80362,13.78302,63.23369,218.6531,269.3888,240.4464,299.4692,324.8279,360,352.261,0,20.32074,0,13.80362,13.78302,63.23369,218.6531,269.3888,240.4464,299.4692,324.8279,360,352.261
0,16.30322,0,10.50391,10.48587,56.41993,209.6651,261.3299,231.7481,292.4695,319.2062,360,349.3836,0,16.30322,0,10.50391,10.48587,56.41993,209.6651,261.3299,231.7481,292.4695,319.2062,360,349.3836,0,16.30322,0,10.50391,10.48587,56.41993,209.6651,261.3299,231.7481,292.4695,319.2062,360,349.3836,0,16.30322,0,10.50391,10.48587,56.41993,209.6651,261.3299,231.7481,292.4695,319.2062,360,349.3836,0,16.30322,0,10.50391,10.48587,56.41993,209.6651,261.3299,231.7481,292.4695,319.2062,360,349.3836,0,16.30322,0,10.50391,10.48587,56.41993,209.6651,261.3299,231.7481,292.4695,319.2062,360,349.3836,0,16.30322,0,10.50391,10.48587,56.41993,209.6651,261.3299,231.7481,292.4695,319.2062,360,349.3836,0,16.30322,0,10.50391,10.48587,56.41993,209.6651,261.3299,231.7481,292.4695,319.2062,360,349.3836,0,16.30322,0,10.50391,10.48587,56.41993,209.6651,261.3299,231.7481,292.4695,319.2062,360,349.3836
0,12.70908,0,7.642601,7.627162,49.9258,200.6001,253.0605,222.9158,285.1788,313.2244,360,346.0681,0,12.70908,0,7.642601,7.627162,49.9258,200.6001,253.0605,222.9158,285.1788,313.2244,360,346.0681,0,12.70908,0,7.642601,7.627162,49.9258,200.6001,253.0605,222.9158,285.1788,313.2244,360,346.0681,0,12.70908,0,7.642601,7.627162,49.9258,200.6001,253.0605,222.9158,285.1788,313.2244,360,346.0681,0,12.70908,0,7.642601,7.627162,49.9258,200.6001,253.0605,222.9158,285.1788,313.2244,360,346.0681,0,12.70908,0,7.642601,7.627162,49.9258,200.6001,253.0605,222.9158,285.1788,313.2244,360,346.0681,0,12.70908,0,7.642601,7.627162,49.9258,200.6001,253.0605,222.9158,285.1788,313.2244,360,346.0681,0,12.70908,0,7.642601,7.627162,49.9258,200.6001,253.0605,222.9158,285.1788,313.2244,360,346.0681,0,12.70908,0,7.642601,7.627162,49.9258,200.6001,253.0605,222.9158,285.1788,313.2244,360,346.0681
0,9.547677,0,5.227132,5.214311,43.76813,191.482,244.6021,213.9726,277.6161,306.898,360,342.323,0,9.547677,0,5.227132,5.214311,43.76813,191.482,244.6021,213.9726,277.6161,306.898,360,342.323,0,9.547677,0,5.227132,5.214311,43.76813,191.482,244.6021,213.9726,277.6161,306.898,360,342.323,0,9.547677,0,5.227132,5.214311,43.76813,191.482,244.6021,213.9726,277.6161,306.898,360,342.323,0,9.547677,0,5.227132,5.214311,43.76813,191.482,244.6021,213.9726,277.6161,306.898,360,342.323,0,9.547677,0,5.227132,5.214311,43.76813,191.482,244.6021,213.9726,277.6161,306.898,360,342.323,0,9.547677,0,5.227132,5.214311,43.76813,191.482,244.6021,213.9726,277.6161,306.898,360,342.323,0,9.547677,0,5.227132,5.214311,43.76813,191.482,244.6021,213.9726,277.6161,306.898,360,342.323,0,9.547677,0,5.227132,5.214311,43.76813,191.482,244.6021,213.9726,277.6161,306.898,360,342.323
0,6.827155,0,3.263723,3.253562,37.96284,182.3341,235.9766,204.9415,269.8008,300.2434,360,338.1581,0,6.827155,0,3.263723,3.253562,37.96284,182.3341,235.9766,204.9415,269.8008,300.2434,360,338.1581,0,6.827155,0,3.263723,3.253562,37.96284,182.3341,235.9766,204.9415,269.8008,300.2434,360,338.1581,0,6.827155,0,3.263723,3.253562,37.96284,182.3341,235.9766,204.9415,269.8008,300.2434,360,338.1581,0,6.827155,0,3.263723,3.253562,37.96284,182.3341,235.9766,204.9415,269.8008,300.2434,360,338.1581,0,6.827155,0,3.263723,3.253562,37.96284,182.3341,235.9766,204.9415,269.8008,300.2434,360,338.1581,0,6.827155,0,3.263723,3.253562,37.96284,182.3341,235.9766,204.9415,269.8008,300.2434,360,338.1581,0,6.827155,0,3.263723,3.253562,37.96284,182.3341,235.9766,204.9415,269.8008,300.2434,360,338.1581,0,6.827155,0,3.263723,3.253562,37.96284,182.3341,235.9766,204.9415,269.8008,300.2434,360,338.1581
0,4.554552,0,1.757458,1.749991,32.52492,173.1801,227.2063,195.8458,261.7532,293.2777,360,333.584,0,4.554552,0,1.757458,1.749991,32.52492,173.1801,227.2063,195.8458,261.7532,293.2777,360,333.584,0,4.554552,0,1.757458,1.749991,32.52492,173.1801,227.2063,195.8458,261.7532,293.2777,360,333.584,0,4.554552,0,1.757458,1.749991,32.52492,173.1801,227.2063,195.8458,261.7532,293.2777,360,333.584,0,4.554552,0,1.757458,1.749991,32.52492,173.1801,227.2063,195.8458,261.7532,293.2777,360,333.584,0,4.554552,0,1.757458,1.749991,32.52492,173.1801,227.2063,195.8458,261.7532,293.2777,360,333.584,0,4.554552,0,1.757458,1.749991,32.52492,173.1801,227.2063,195.8458,261.7532,293.2777,360,333.584,0,4.554552,0,1.757458,1.749991,32.52492,173.1801,227.2063,195.8458,261.7532,293.2777,360,333.584,0,4.554552,0,1.757458,1.749991,32.52492,173.1801,227.2063,195.8458,261.7532,293.2777,360,333.584
0,2.735778,0,0.7122445,0.7074916,27.46847,164.0439,218.3138,186.7091,253.4941,286.019,360,328.6126,0,2.735778,0,0.7122445,0.7074916,27.46847,164.0439,218.3138,186.7091,253.4941,286.019,360,328.6126,0,2.735778,0,0.7122445,0.7074916,27.46847,164.0439,218.3138,186.7091,253.4941,286.019,360,328.6126,0,2.735778,0,0.7122445,0.7074916,27.46847,164.0439,218.3138,186.7091,253.4941,286.019,360,328.6126,0,2.735778,0,0.7122445,0.7074916,27.46847,164.0439,218.3138,186.7091,253.4941,286.019,360,328.6126,0,2.735778,0,0.7122445,0.7074916,27.46847,164.0439,218.3138,186.7091,253.4941,286.019,360,328.6126,0,2.735778,0,0.7122445,0.7074916,27.46847,164.0439,218.3138,186.7091,253.4941,286.019,360,328.6126,0,2.735778,0,0.7122445,0.7074916,27.46847,164.0439,218.3138,186.7091,253.4941,286.019,360,328.6126,0,2.735778,0,0.7122445,0.7074916,27.46847,164.0439,218.3138,186.7091,253.4941,286.019,360,328.6126
0,1.375544,0,0.130806,0.1287675,22.8066,154.9489,209.3224,177.5552,245.0451,278.4861,360,323.257,0,1.375544,0,0.130806,0.1287675,22.8066,154.9489,209.3224,177.5552,245.0451,278.4861,360,323.257,0,1.375544,0,0.130806,0.1287675,22.8066,154.9489,209.3224,177.5552,245.0451,278.4861,360,323.257,0,1.375544,0,0.130806,0.1287675,22.8066,154.9489,209.3224,177.5552,245.0451,278.4861,360,323.257,0,1.375544,0,0.130806,0.1287675,22.8066,154.9489,209.3224,177.5552,245.0451,278.4861,360,323.257,0,1.375544,0,0.130806,0.1287675,22.8066,154.9489,209.3224,177.5552,245.0451,278.4861,360,323.257,0,1.375544,0,0.130806,0.1287675,22.8066,154.9489,209.3224,177.5552,245.0451,278.4861,360,323.257,0,1.375544,0,0.130806,0.1287675,22.8066,154.9489,209.3224,177.5552,245.0451,278.4861,360,323.257,0,1.375544,0,0.130806,0.1287675,22.8066,154.9489,209.3224,177.5552,245.0451,278.4861,360,323.257
0,0.4773259,0,0,0,18.55132,145.9187,200.2551,168.4076,236.4277,270.6985,360,317.5306,0,0.4773259,0,0,0,18.55132,145.9187,200.2551,168.4076,236.4277,270.6985,360,317.5306,0,0.4773259,0,0,0,18.55132,145.9187,200.2551,168.4076,236.4277,270.6985,360,317.5306,0,0.4773259,0,0,0,18.55132,145.9187,200.2551,168.4076,236.4277,270.6985,360,317.5306,0,0.4773259,0,0,0,18.55132,145.9187,200.2551,168.4076,236.4277,270.6985,360,317.5306,0,0.4773259,0,0,0,18.55132,145.9187,200.2551,168.4076,236.4277,270.6985,360,317.5306,0,0.4773259,0,0,0,18.55132,145.9187,200.2551,168.4076,236.4277,270.6985,360,317.5306,0,0.4773259,0,0,0,18.55132,145.9187,200.2551,168.4076,236.4277,270.6985,360,317.5306,0,0.4773259,0,0,0,18.55132,145.9187,200.2551,168.4076,236.4277,270.6985,360,317.5306
0,0.04347324,0,0,0,14.71367,136.9768,191.1354,159.29,227.6644,262.6761,359.7851,311.4486,0,0.04347324,0,0,0,14.71367,136.9768,191.1354,159.29,227.6644,262.6761,359.7851,311.4486,0,0.04347324,0,0,0,14.71367,136.9768,191.1354,159.29,227.6644,262.6761,359.7851,311.4486,0,0.04347324,0,0,0,14.71367,136.9768,191.1354,159.29,227.6644,262.6761,359.7851,311.4486,0,0.04347324,0,0,0,14.71367,136.9768,191.1354,159.29,227.6644,262.6761,359.7851,311.4486,0,0.04347324,0,0,0,14.71367,136.9768,191.1354,159.29,227.6644,262.6761,359.7851,311.4486,0,0.04347324,0,0,0,14.71367,136.9768,191.1354,159.29,227.6644,262.6761,359.7851,311.4486,0,0.04347324,0,0,0,14.71367,136.9768,191.1354,159.29,227.6644,262.6761,359.7851,311.4486,0,0.04347324,0,0,0,14.71367,136.9768,191.1354,159.29,227.6644,262.6761,359.7851,311.4486
0,0,0,0,0,11.30353,128.146,181.9868,150.2258,218.7778,254.4401,359.1056,305.0266,0,0,0,0,0,11.30353,128.146,181.9868,150.2258,218.7778,254.4401,359.1056,305.0266,0,0,0,0,0,11.30353,128.146,181.9868,150.2258,218.7778,254.4401,359.1056,305.0266,0,0,0,0,0,11.30353,128.146,181.9868,150.2258,218.7778,254.4401,359.1056,305.0266,0,0,0,0,0,11.30353,128.146,181.9868,150.2258,218.7778,254.4401,359.1056,305.0266,0,0,0,0,0,11.30353,128.146,181.9868,150.2258,218.7778,254.4401,359.1056,305.0266,0,0,0,0,0,11.30353,128.146,181.9868,150.2258,218.7778,254.4401,359.1056,305.0266,0,0,0,0,0,11.30353,128.146,181.9868,150.2258,218.7778,254.4401,359.1056,305.0266,0,0,0,0,0,11.30353,128.146,181.9868,150.2258,218.7778,254.4401,359.1056,305.0266
0,0,0,0,0,8.32974,119.4494,172.8332,141.2388,209.7908,246.0114,357.9627,298.2812,0,0,0,0,0,8.32974,119.4494,172.8332,141.2388,209.7908,246.0114,357.9627,298.2812,0,0,0,0,0,8.32974,119.4494,172.8332,141.2388,209.7908,246.0114,357.9627,298.2812,0,0,0,0,0,8.32974,119.4494,172.8332,141.2388,209.7908,246.0114,357.9627,298.2812,0,0,0,0,0,8.32974,119.4494,172.8332,141.2388,209.7908,246.0114,357.9627,298.2812,0,0,0,0,0,8.32974,119.4494,172.8332,141.2388,209.7908,246.0114,357.9627,298.2812,0,0,0,0,0,8.32974,119.4494,172.8332,141.2388,209.7908,246.0114,357.9627,298.2812,0,0,0,0,0,8.32974,119.4494,172.8332,141.2388,209.7908,246.0114,357.9627,298.2812,0,0,0,0,0,8.32974,119.4494,172.8332,141.2388,209.7908,246.0114,357.9627,298.2812
0,0,0,0,0,5.799998,110.9093,163.6981,132.3519,200.7269,237.412,356.3596,291.2298,0,0,0,0,0,5.799998,110.9093,163.6981,132.3519,200.7269,237.412,356.3596,291.2298,0,0,0,0,0,5.799998,110.9093,163.6981,132.3519,200.7269,237.412,356.3596,291.2298,0,0,0,0,0,5.799998,110.9093,163.6981,132.3519,200.7269,237.412,356.3596,291.2298,0,0,0,0,0,5.799998,110.9093,163.6981,132.3519,200.7269,237.412,356.3596,291.2298,0,0,0,0,0,5.799998,110.9093,163.6981,132.3519,200.7269,237.412,356.3596,291.2298,0,0,0,0,0,5.799998,110.9093,163.6981,132.3519,200.7269,237.412,356.3596,291.2298,0,0,0,0,0,5.799998,110.9093,163.6981,132.3519,200.7269,237.412,356.3596,291.2298,0,0,0,0,0,5.799998,110.9093,163.6981,132.3519,200.7269,237.412,356.3596,291.2298
0,0,0,0,0,3.720857,102.5481,154.6051,123.5884,191.6094,228.6641,354.3002,283.8907,0,0,0,0,0,3.720857,102.5481,154.6051,123.5884,191.6094,228.6641,354.3002,283.8907,0,0,0,0,0,3.720857,102.5481,154.6051,123.5884,191.6094,228.6641,354.3002,283.8907,0,0,0,0,0,3.720857,102.5481,154.6051,123.5884,191.6094,228.6641,354.3002,283.8907,0,0,0,0,0,3.720857,102.5481,154.6051,123.5884,191.6094,228.6641,354.3002,283.8907,0,0,0,0,0,3.720857,102.5481,154.6051,123.5884,191.6094,228.6641,354.3002,283.8907,0,0,0,0,0,3.720857,102.5481,154.6051,123.5884,191.6094,228.6641,354.3002,283.8907,0,0,0,0,0,3.720857,102.5481,154.6051,123.5884,191.6094,228.6641,354.3002,283.8907,0,0,0,0,0,3.720857,102.5481,154.6051,123.5884,191.6094,228.6641,354.3002,283.8907
0,0,0,0,0,2.097659,94.38702,145.5777,114.9706,182.4616,219.7902,351.79,276.2828,0,0,0,0,0,2.097659,94.38702,145.5777,114.9706,182.4616,219.7902,351.79,276.2828,0,0,0,0,0,2.097659,94.38702,145.5777,114.9706,182.4616,219.7902,351.79,276.2828,0,0,0,0,0,2.097659,94.38702,145.5777,114.9706,182.4616,219.7902,351.79,276.2828,0,0,0,0,0,2.097659,94.38702,145.5777,114.9706,182.4616,219.7902,351.79,276.2828,0,0,0,0,0,2.097659,94.38702,145.5777,114.9706,182.4616,219.7902,351.79,276.2828,0,0,0,0,0,2.097659,94.38702,145.5777,114.9706,182.4616,219.7902,351.79,276.2828,0,0,0,0,0,2.097659,94.38702,145.5777,114.9706,182.4616,219.7902,351.79,276.2828,0,0,0,0,0,2.097659,94.38702,145.5777,114.9706,182.4616,219.7902,351.79,276.2828
0,0,0,0,0,0.9346748,86.44756,136.6395,106.5212,173.3077,210.8136,348.8355,268.426,0,0,0,0,0,0.9346748,86.44756,136.6395,106.5212,173.3077,210.8136,348.8355,268.426,0,0,0,0,0,0.9346748,86.44756,136.6395,106.5212,173.3077,210.8136,348.8355,268.426,0,0,0,0,0,0.9346748,86.44756,136.6395,106.5212,173.3077,210.8136,348.8355,268.426,0,0,0,0,0,0.9346748,86.44756,136.6395,106.5212,173.3077,210.8136,348.8355,268.426,0,0,0,0,0,0.9346748,86.44756,136.6395,106.5212,173.3077,210.8136,348.8355,268.426,0,0,0,0,0,0.9346748,86.44756,136.6395,106.5212,173.3077,210.8136,348.8355,268.426,0,0,0,0,0,0.9346748,86.44756,136.6395,106.5212,173.3077,210.8136,348.8355,268.426,0,0,0,0,0,0.9346748,86.44756,136.6395,106.5212,173.3077,210.8136,348.8355,268.426
0,0,0,0,0,0.2348435,78.75008,127.8135,98.26187,164.1711,201.7571,345.4442,260.3404,0,0,0,0,0,0.2348435,78.75008,127.8135,98.26187,164.1711,201.7571,345.4442,260.3404,0,0,0,0,0,0.2348435,78.75008,127.8135,98.26187,164.1711,201.7571,345.4442,260.3404,0,0,0,0,0,0.2348435,78.75008,127.8135,98.26187,164.1711,201.7571,345.4442,260.3404,0,0,0,0,0,0.2348435,78.75008,127.8135,98.26187,164.1711,201.7571,345.4442,260.3404,0,0,0,0,0,0.2348435,78.75008,127.8135,98.26187,164.1711,201.7571,345.4442,260.3404,0,0,0,0,0,0.2348435,78.75008,127.8135,98.26187,164.1711,201.7571,345.4442,260.3404,0,0,0,0,0,0.2348435,78.75008,127.8135,98.26187,164.1711,201.7571,345.4442,260.3404,0,0,0,0,0,0.2348435,78.75008,127.8135,98.26187,164.1711,201.7571,345.4442,260.3404
0,0,0,0,0,0,71.31442,119.1224,90.21388,155.0753,192.6445,341.625,252.047,0,0,0,0,0,0,71.31442,119.1224,90.21388,155.0753,192.6445,341.625,252.047,0,0,0,0,0,0,71.31442,119.1224,90.21388,155.0753,192.6445,341.625,252.047,0,0,0,0,0,0,71.31442,119.1224,90.21388,155.0753,192.6445,341.625,252.047,0,0,0,0,0,0,71.31442,119.1224,90.21388,155.0753,192.6445,341.625,252.047,0,0,0,0,0,0,71.31442,119.1224,90.21388,155.0753,192.6445,341.625,252.047,0,0,0,0,0,0,71.31442,119.1224,90.21388,155.0753,192.6445,341.625,252.047,0,0,0,0,0,0,71.31442,119.1224,90.21388,155.0753,192.6445,341.625,252.047,0,0,0,0,0,0,71.31442,119.1224,90.21388,155.0753,192.6445,341.625,252.047
0,0,0,0,0,0,64.15997,110.5888,82.3982,146.0441,183.499,337.3877,243.5672,0,0,0,0,0,0,64.15997,110.5888,82.3982,146.0441,183.499,337.3877,243.5672,0,0,0,0,0,0,64.15997,110.5888,82.3982,146.0441,183.499,337.3877,243.5672,0,0,0,0,0,0,64.15997,110.5888,82.3982,146.0441,183.499,337.3877,243.5672,0,0,0,0,0,0,64.15997,110.5888,82.3982,146.0441,183.499,337.3877,243.5672,0,0,0,0,0,0,64.15997,110.5888,82.3982,146.0441,183.499,337.3877,243.5672,0,0,0,0,0,0,64.15997,110.5888,82.3982,146.0441,183.499,337.3877,243.5672,0,0,0,0,0,0,64.15997,110.5888,82.3982,146.0441,183.499,337.3877,243.5672,0,0,0,0,0,0,64.15997,110.5888,82.3982,146.0441,183.499,337.3877,243.5672
0,0,0,0,0,0,57.30512,102.2347,74.83498,137.1006,174.3446,332.7434,234.9231,0,0,0,0,0,0,57.30512,102.2347,74.83498,137.1006,174.3446,332.7434,234.9231,0,0,0,0,0,0,57.30512,102.2347,74.83498,137.1006,174.3446,332.7434,234.9231,0,0,0,0,0,0,57.30512,102.2347,74.83498,137.1006,174.3446,332.7434,234.9231,0,0,0,0,0,0,57.30512,102.2347,74.83498,137.1006,174.3446,332.7434,234.9231,0,0,0,0,0,0,57.30512,102.2347,74.83498,137.1006,174.3446,332.7434,234.9231,0,0,0,0,0,0,57.30512,102.2347,74.83498,137.1006,174.3446,332.7434,234.9231,0,0,0,0,0,0,57.30512,102.2347,74.83498,137.1006,174.3446,332.7434,234.9231,0,0,0,0,0,0,57.30512,102.2347,74.83498,137.1006,174.3446,332.7434,234.9231
0,0,0,0,0,0,50.76763,94.08177,67.54372,128.2682,165.2048,327.7039,226.1367,0,0,0,0,0,0,50.76763,94.08177,67.54372,128.2682,165.2048,327.7039,226.1367,0,0,0,0,0,0,50.76763,94.08177,67.54372,128.2682,165.2048,327.7039,226.1367,0,0,0,0,0,0,50.76763,94.08177,67.54372,128.2682,165.2048,327.7039,226.1367,0,0,0,0,0,0,50.76763,94.08177,67.54372,128.2682,165.2048,327.7039,226.1367,0,0,0,0,0,0,50.76763,94.08177,67.54372,128.2682,165.2048,327.7039,226.1367,0,0,0,0,0,0,50.76763,94.08177,67.54372,128.2682,165.2048,327.7039,226.1367,0,0,0,0,0,0,50.76763,94.08177,67.54372,128.2682,165.2048,327.7039,226.1367,0,0,0,0,0,0,50.76763,94.08177,67.54372,128.2682,165.2048,327.7039,226.1367
0,0,0,0,0,0,44.56443,86.15112,60.54338,119.5695,156.1032,322.2824,217.2312,0,0,0,0,0,0,44.56443,86.15112,60.54338,119.5695,156.1032,322.2824,217.2312,0,0,0,0,0,0,44.56443,86.15112,60.54338,119.5695,156.1032,322.2824,217.2312,0,0,0,0,0,0,44.56443,86.15112,60.54338,119.5695,156.1032,322.2824,217.2312,0,0,0,0,0,0,44.56443,86.15112,60.54338,119.5695,156.1032,322.2824,217.2312,0,0,0,0,0,0,44.56443,86.15112,60.54338,119.5695,156.1032,322.2824,217.2312,0,0,0,0,0,0,44.56443,86.15112,60.54338,119.5695,156.1032,322.2824,217.2312,0,0,0,0,0,0,44.56443,86.15112,60.54338,119.5695,156.1032,322.2824,217.2312,0,0,0,0,0,0,44.56443,86.15112,60.54338,119.5695,156.1032,322.2824,217.2312
0,0,0,0,0,0,38.71154,78.46314,53.85205,111.0272,147.0635,316.4929,208.2294,0,0,0,0,0,0,38.71154,78.46314,53.85205,111.0272,147.0635,316.4929,208.2294,0,0,0,0,0,0,38.71154,78.46314,53.85205,111.0272,147.0635,316.4929,208.2294,0,0,0,0,0,0,38.71154,78.46314,53.85205,111.0272,147.0635,316.4929,208.2294,0,0,0,0,0,0,38.71154,78.46314,53.85205,111.0272,147.0635,316.4929,208.2294,0,0,0,0,0,0,38.71154,78.46314,53.85205,111.0272,147.0635,316.4929,208.2294,0,0,0,0,0,0,38.71154,78.46314,53.85205,111.0272,147.0635,316.4929,208.2294,0,0,0,0,0,0,38.71154,78.46314,53.85205,111.0272,147.0635,316.4929,208.2294,0,0,0,0,0,0,38.71154,78.46314,53.85205,111.0272,147.0635,316.4929,208.2294
0,0,0,0,0,0,33.22417,71.03794,47.48702,102.6633,138.109,310.3503,199.1545,0,0,0,0,0,0,33.22417,71.03794,47.48702,102.6633,138.109,310.3503,199.1545,0,0,0,0,0,0,33.22417,71.03794,47.48702,102.6633,138.109,310.3503,199.1545,0,0,0,0,0,0,33.22417,71.03794,47.48702,102.6633,138.109,310.3503,199.1545,0,0,0,0,0,0,33.22417,71.03794,47.48702,102.6633,138.109,310.3503,199.1545,0,0,0,0,0,0,33.22417,71.03794,47.48702,102.6633,138.109,310.3503,199.1545,0,0,0,0,0,0,33.22417,71.03794,47.48702,102.6633,138.109,310.3503,199.1545,0,0,0,0,0,0,33.22417,71.03794,47.48702,102.6633,138.109,310.3503,199.1545,0,0,0,0,0,0,33.22417,71.03794,47.48702,102.6633,138.109,310.3503,199.1545
0,0,0,0,0,0,28.11632,63.89439,41.46465,94.49931,129.2627,303.8704,190.0299,0,0,0,0,0,0,28.11632,63.89439,41.46465,94.49931,129.2627,303.8704,190.0299,0,0,0,0,0,0,28.11632,63.89439,41.46465,94.49931,129.2627,303.8704,190.0299,0,0,0,0,0,0,28.11632,63.89439,41.46465,94.49931,129.2627,303.8704,190.0299,0,0,0,0,0,0,28.11632,63.89439,41.46465,94.49931,129.2627,303.8704,190.0299,0,0,0,0,0,0,28.11632,63.89439,41.46465,94.49931,129.2627,303.8704,190.0299,0,0,0,0,0,0,28.11632,63.89439,41.46465,94.49931,129.2627,303.8704,190.0299,0,0,0,0,0,0,28.11632,63.89439,41.46465,94.49931,129.2627,303.8704,190.0299,0,0,0,0,0,0,28.11632,63.89439,41.46465,94.49931,129.2627,303.8704,190.0299
0,0,0,0,0,0,23.40143,57.05122,35.80069,86.55661,120.5478,297.0702,180.8795,0,0,0,0,0,0,23.40143,57.05122,35.80069,86.55661,120.5478,297.0702,180.8795,0,0,0,0,0,0,23.40143,57.05122,35.80069,86.55661,120.5478,297.0702,180.8795,0,0,0,0,0,0,23.40143,57.05122,35.80069,86.55661,120.5478,297.0702,180.8795,0,0,0,0,0,0,23.40143,57.05122,35.80069,86.55661,120.5478,297.0702,180.8795,0,0,0,0,0,0,23.40143,57.05122,35.80069,86.55661,120.5478,297.0702,180.8795,0,0,0,0,0,0,23.40143,57.05122,35.80069,86.55661,120.5478,297.0702,180.8795,0,0,0,0,0,0,23.40143,57.05122,35.80069,86.55661,120.5478,297.0702,180.8795,0,0,0,0,0,0,23.40143,57.05122,35.80069,86.55661,120.5478,297.0702,180.8795
0,0,0,0,0,0,19.09159,50.52611,30.50975,78.85563,111.9866,289.9672,171.7268,0,0,0,0,0,0,19.09159,50.52611,30.50975,78.85563,111.9866,289.9672,171.7268,0,0,0,0,0,0,19.09159,50.52611,30.50975,78.85563,111.9866,289.9672,171.7268,0,0,0,0,0,0,19.09159,50.52611,30.50975,78.85563,111.9866,289.9672,171.7268,0,0,0,0,0,0,19.09159,50.52611,30.50975,78.85563,111.9866,289.9672,171.7268,0,0,0,0,0,0,19.09159,50.52611,30.50975,78.85563,111.9866,289.9672,171.7268,0,0,0,0,0,0,19.09159,50.52611,30.50975,78.85563,111.9866,289.9672,171.7268,0,0,0,0,0,0,19.09159,50.52611,30.50975,78.85563,111.9866,289.9672,171.7268,0,0,0,0,0,0,19.09159,50.52611,30.50975,78.85563,111.9866,289.9672,171.7268
0,0,0,0,0,0,15.19799,44.33594,25.60547,71.41618,103.6014,282.5798,162.5955,0,0,0,0,0,0,15.19799,44.33594,25.60547,71.41618,103.6014,282.5798,162.5955,0,0,0,0,0,0,15.19799,44.33594,25.60547,71.41618,103.6014,282.5798,162.5955,0,0,0,0,0,0,15.19799,44.33594,25.60547,71.41618,103.6014,282.5798,162.5955,0,0,0,0,0,0,15.19799,44.33594,25.60547,71.41618,103.6014,282.5798,162.5955,0,0,0,0,0,0,15.19799,44.33594,25.60547,71.41618,103.6014,282.5798,162.5955,0,0,0,0,0,0,15.19799,44.33594,25.60547,71.41618,103.6014,282.5798,162.5955,0,0,0,0,0,0,15.19799,44.33594,25.60547,71.41618,103.6014,282.5798,162.5955,0,0,0,0,0,0,15.19799,44.33594,25.60547,71.41618,103.6014,282.5798,162.5955
0,0,0,0,0,0,11.73064,38.49664,21.10055,64.25769,95.41373,274.9269,153.5092,0,0,0,0,0,0,11.73064,38.49664,21.10055,64.25769,95.41373,274.9269,153.5092,0,0,0,0,0,0,11.73064,38.49664,21.10055,64.25769,95.41373,274.9269,153.5092,0,0,0,0,0,0,11.73064,38.49664,21.10055,64.25769,95.41373,274.9269,153.5092,0,0,0,0,0,0,11.73064,38.49664,21.10055,64.25769,95.41373,274.9269,153.5092,0,0,0,0,0,0,11.73064,38.49664,21.10055,64.25769,95.41373,274.9269,153.5092,0,0,0,0,0,0,11.73064,38.49664,21.10055,64.25769,95.41373,274.9269,153.5092,0,0,0,0,0,0,11.73064,38.49664,21.10055,64.25769,95.41373,274.9269,153.5092,0,0,0,0,0,0,11.73064,38.49664,21.10055,64.25769,95.41373,274.9269,153.5092
0,0,0,0,0,0,8.698544,33.02337,17.00664,57.39853,87.44493,267.0286,144.4915,0,0,0,0,0,0,8.698544,33.02337,17.00664,57.39853,87.44493,267.0286,144.4915,0,0,0,0,0,0,8.698544,33.02337,17.00664,57.39853,87.44493,267.0286,144.4915,0,0,0,0,0,0,8.698544,33.02337,17.00664,57.39853,87.44493,267.0286,144.4915,0,0,0,0,0,0,8.698544,33.02337,17.00664,57.39853,87.44493,267.0286,144.4915,0,0,0,0,0,0,8.698544,33.02337,17.00664,57.39853,87.44493,267.0286,144.4915,0,0,0,0,0,0,8.698544,33.02337,17.00664,57.39853,87.44493,267.0286,144.4915,0,0,0,0,0,0,8.698544,33.02337,17.00664,57.39853,87.44493,267.0286,144.4915,0,0,0,0,0,0,8.698544,33.02337,17.00664,57.39853,87.44493,267.0286,144.4915
0,0,0,0,0,0,6.109547,27.93026,13.33433,50.85651,79.71553,258.9052,135.5656,0,0,0,0,0,0,6.109547,27.93026,13.33433,50.85651,79.71553,258.9052,135.5656,0,0,0,0,0,0,6.109547,27.93026,13.33433,50.85651,79.71553,258.9052,135.5656,0,0,0,0,0,0,6.109547,27.93026,13.33433,50.85651,79.71553,258.9052,135.5656,0,0,0,0,0,0,6.109547,27.93026,13.33433,50.85651,79.71553,258.9052,135.5656,0,0,0,0,0,0,6.109547,27.93026,13.33433,50.85651,79.71553,258.9052,135.5656,0,0,0,0,0,0,6.109547,27.93026,13.33433,50.85651,79.71553,258.9052,135.5656,0,0,0,0,0,0,6.109547,27.93026,13.33433,50.85651,79.71553,258.9052,135.5656,0,0,0,0,0,0,6.109547,27.93026,13.33433,50.85651,79.71553,258.9052,135.5656
0,0,0,0,0,0,3.970367,23.23055,10.09316,44.64856,72.24554,250.5777,126.7548,0,0,0,0,0,0,3.970367,23.23055,10.09316,44.64856,72.24554,250.5777,126.7548,0,0,0,0,0,0,3.970367,23.23055,10.09316,44.64856,72.24554,250.5777,126.7548,0,0,0,0,0,0,3.970367,23.23055,10.09316,44.64856,72.24554,250.5777,126.7548,0,0,0,0,0,0,3.970367,23.23055,10.09316,44.64856,72.24554,250.5777,126.7548,0,0,0,0,0,0,3.970367,23.23055,10.09316,44.64856,72.24554,250.5777,126.7548,0,0,0,0,0,0,3.970367,23.23055,10.09316,44.64856,72.24554,250.5777,126.7548,0,0,0,0,0,0,3.970367,23.23055,10.09316,44.64856,72.24554,250.5777,126.7548,0,0,0,0,0,0,3.970367,23.23055,10.09316,44.64856,72.24554,250.5777,126.7548
0,0,0,0,0,0,2.286465,18.93627,7.291424,38.79065,65.0542,242.0676,118.0815,0,0,0,0,0,0,2.286465,18.93627,7.291424,38.79065,65.0542,242.0676,118.0815,0,0,0,0,0,0,2.286465,18.93627,7.291424,38.79065,65.0542,242.0676,118.0815,0,0,0,0,0,0,2.286465,18.93627,7.291424,38.79065,65.0542,242.0676,118.0815,0,0,0,0,0,0,2.286465,18.93627,7.291424,38.79065,65.0542,242.0676,118.0815,0,0,0,0,0,0,2.286465,18.93627,7.291424,38.79065,65.0542,242.0676,118.0815,0,0,0,0,0,0,2.286465,18.93627,7.291424,38.79065,65.0542,242.0676,118.0815,0,0,0,0,0,0,2.286465,18.93627,7.291424,38.79065,65.0542,242.0676,118.0815,0,0,0,0,0,0,2.286465,18.93627,7.291424,38.79065,65.0542,242.0676,118.0815
0,0,0,0,0,0,1.062251,15.05861,4.936434,33.298,58.16015,233.3969,109.5683,0,0,0,0,0,0,1.062251,15.05861,4.936434,33.298,58.16015,233.3969,109.5683,0,0,0,0,0,0,1.062251,15.05861,4.936434,33.298,58.16015,233.3969,109.5683,0,0,0,0,0,0,1.062251,15.05861,4.936434,33.298,58.16015,233.3969,109.5683,0,0,0,0,0,0,1.062251,15.05861,4.936434,33.298,58.16015,233.3969,109.5683,0,0,0,0,0,0,1.062251,15.05861,4.936434,33.298,58.16015,233.3969,109.5683,0,0,0,0,0,0,1.062251,15.05861,4.936434,33.298,58.16015,233.3969,109.5683,0,0,0,0,0,0,1.062251,15.05861,4.936434,33.298,58.16015,233.3969,109.5683,0,0,0,0,0,0,1.062251,15.05861,4.936434,33.298,58.16015,233.3969,109.5683
0,0,0,0,0,0,0.3009009,11.60762,3.034276,28.18486,51.58133,224.5881,101.2374,0,0,0,0,0,0,0.3009009,11.60762,3.034276,28.18486,51.58133,224.5881,101.2374,0,0,0,0,0,0,0.3009009,11.60762,3.034276,28.18486,51.58133,224.5881,101.2374,0,0,0,0,0,0,0.3009009,11.60762,3.034276,28.18486,51.58133,224.5881,101.2374,0,0,0,0,0,0,0.3009009,11.60762,3.034276,28.18486,51.58133,224.5881,101.2374,0,0,0,0,0,0,0.3009009,11.60762,3.034276,28.18486,51.58133,224.5881,101.2374,0,0,0,0,0,0,0.3009009,11.60762,3.034276,28.18486,51.58133,224.5881,101.2374,0,0,0,0,0,0,0.3009009,11.60762,3.034276,28.18486,51.58133,224.5881,101.2374,0,0,0,0,0,0,0.3009009,11.60762,3.034276,28.18486,51.58133,224.5881,101.2374
0,0,0,0,0,0,0.004366636,8.592199,1.589874,23.46439,45.33466,215.664,93.11031,0,0,0,0,0,0,0.004366636,8.592199,1.589874,23.46439,45.33466,215.664,93.11031,0,0,0,0,0,0,0.004366636,8.592199,1.589874,23.46439,45.33466,215.664,93.11031,0,0,0,0,0,0,0.004366636,8.592199,1.589874,23.46439,45.33466,215.664,93.11031,0,0,0,0,0,0,0.004366636,8.592199,1.589874,23.46439,45.33466,215.664,93.11031,0,0,0,0,0,0,0.004366636,8.592199,1.589874,23.46439,45.33466,215.664,93.11031,0,0,0,0,0,0,0.004366636,8.592199,1.589874,23.46439,45.33466,215.664,93.11031,0,0,0,0,0,0,0.004366636,8.592199,1.589874,23.46439,45.33466,215.664,93.11031,0,0,0,0,0,0,0.004366636,8.592199,1.589874,23.46439,45.33466,215.664,93.11031
0,0,0,0,0,0,0,6.020154,0.6069517,19.14884,39.43637,206.6476,85.20787,0,0,0,0,0,0,0,6.020154,0.6069517,19.14884,39.43637,206.6476,85.20787,0,0,0,0,0,0,0,6.020154,0.6069517,19.14884,39.43637,206.6476,85.20787,0,0,0,0,0,0,0,6.020154,0.6069517,19.14884,39.43637,206.6476,85.20787,0,0,0,0,0,0,0,6.020154,0.6069517,19.14884,39.43637,206.6476,85.20787,0,0,0,0,0,0,0,6.020154,0.6069517,19.14884,39.43637,206.6476,85.20787,0,0,0,0,0,0,0,6.020154,0.6069517,19.14884,39.43637,206.6476,85.20787,0,0,0,0,0,0,0,6.020154,0.6069517,19.14884,39.43637,206.6476,85.20787,0,0,0,0,0,0,0,6.020154,0.6069517,19.14884,39.43637,206.6476,85.20787
0,0,0,0,0,0,0,3.89814,0.08805156,15.24937,33.90165,197.5625,77.55069,0,0,0,0,0,0,0,3.89814,0.08805156,15.24937,33.90165,197.5625,77.55069,0,0,0,0,0,0,0,3.89814,0.08805156,15.24937,33.90165,197.5625,77.55069,0,0,0,0,0,0,0,3.89814,0.08805156,15.24937,33.90165,197.5625,77.55069,0,0,0,0,0,0,0,3.89814,0.08805156,15.24937,33.90165,197.5625,77.55069,0,0,0,0,0,0,0,3.89814,0.08805156,15.24937,33.90165,197.5625,77.55069,0,0,0,0,0,0,0,3.89814,0.08805156,15.24937,33.90165,197.5625,77.55069,0,0,0,0,0,0,0,3.89814,0.08805156,15.24937,33.90165,197.5625,77.55069,0,0,0,0,0,0,0,3.89814,0.08805156,15.24937,33.90165,197.5625,77.55069
0,0,0,0,0,0,0,2.231619,0,11.77599,28.74479,188.4317,70.15843,0,0,0,0,0,0,0,2.231619,0,11.77599,28.74479,188.4317,70.15843,0,0,0,0,0,0,0,2.231619,0,11.77599,28.74479,188.4317,70.15843,0,0,0,0,0,0,0,2.231619,0,11.77599,28.74479,188.4317,70.15843,0,0,0,0,0,0,0,2.231619,0,11.77599,28.74479,188.4317,70.15843,0,0,0,0,0,0,0,2.231619,0,11.77599,28.74479,188.4317,70.15843,0,0,0,0,0,0,0,2.231619,0,11.77599,28.74479,188.4317,70.15843,0,0,0,0,0,0,0,2.231619,0,11.77599,28.74479,188.4317,70.15843,0,0,0,0,0,0,0,2.231619,0,11.77599,28.74479,188.4317,70.15843
0,0,0,0,0,0,0,1.024926,0,8.737801,23.97924,179.2793,63.05044,0,0,0,0,0,0,0,1.024926,0,8.737801,23.97924,179.2793,63.05044,0,0,0,0,0,0,0,1.024926,0,8.737801,23.97924,179.2793,63.05044,0,0,0,0,0,0,0,1.024926,0,8.737801,23.97924,179.2793,63.05044,0,0,0,0,0,0,0,1.024926,0,8.737801,23.97924,179.2793,63.05044,0,0,0,0,0,0,0,1.024926,0,8.737801,23.97924,179.2793,63.05044,0,0,0,0,0,0,0,1.024926,0,8.737801,23.97924,179.2793,63.05044,0,0,0,0,0,0,0,1.024926,0,8.737801,23.97924,179.2793,63.05044,0,0,0,0,0,0,0,1.024926,0,8.737801,23.97924,179.2793,63.05044
0,0,0,0,0,0,0,0.2811706,0,6.142559,19.61717,170.1286,56.24477,0,0,0,0,0,0,0,0.2811706,0,6.142559,19.61717,170.1286,56.24477,0,0,0,0,0,0,0,0.2811706,0,6.142559,19.61717,170.1286,56.24477,0,0,0,0,0,0,0,0.2811706,0,6.142559,19.61717,170.1286,56.24477,0,0,0,0,0,0,0,0.2811706,0,6.142559,19.61717,170.1286,56.24477,0,0,0,0,0,0,0,0.2811706,0,6.142559,19.61717,170.1286,56.24477,0,0,0,0,0,0,0,0.2811706,0,6.142559,19.61717,170.1286,56.24477,0,0,0,0,0,0,0,0.2811706,0,6.142559,19.61717,170.1286,56.24477,0,0,0,0,0,0,0,0.2811706,0,6.142559,19.61717,170.1286,56.24477
0,0,0,0,0,0,0,0.002285242,0,3.99706,15.67003,161.0035,49.75932,0,0,0,0,0,0,0,0.002285242,0,3.99706,15.67003,161.0035,49.75932,0,0,0,0,0,0,0,0.002285242,0,3.99706,15.67003,161.0035,49.75932,0,0,0,0,0,0,0,0.002285242,0,3.99706,15.67003,161.0035,49.75932,0,0,0,0,0,0,0,0.002285242,0,3.99706,15.67003,161.0035,49.75932,0,0,0,0,0,0,0,0.002285242,0,3.99706,15.67003,161.0035,49.75932,0,0,0,0,0,0,0,0.002285242,0,3.99706,15.67003,161.0035,49.75932,0,0,0,0,0,0,0,0.002285242,0,3.99706,15.67003,161.0035,49.75932,0,0,0,0,0,0,0,0.002285242,0,3.99706,15.67003,161.0035,49.75932
0,0,0,0,0,0,0,0,0,2.306764,12.14784,151.9273,43.61061,0,0,0,0,0,0,0,0,0,2.306764,12.14784,151.9273,43.61061,0,0,0,0,0,0,0,0,0,2.306764,12.14784,151.9273,43.61061,0,0,0,0,0,0,0,0,0,2.306764,12.14784,151.9273,43.61061,0,0,0,0,0,0,0,0,0,2.306764,12.14784,151.9273,43.61061,0,0,0,0,0,0,0,0,0,2.306764,12.14784,151.9273,43.61061,0,0,0,0,0,0,0,0,0,2.306764,12.14784,151.9273,43.61061,0,0,0,0,0,0,0,0,0,2.306764,12.14784,151.9273,43.61061,0,0,0,0,0,0,0,0,0,2.306764,12.14784,151.9273,43.61061
0,0,0,0,0,0,0,0,0,1.076145,9.059934,142.9241,37.81487,0,0,0,0,0,0,0,0,0,1.076145,9.059934,142.9241,37.81487,0,0,0,0,0,0,0,0,0,1.076145,9.059934,142.9241,37.81487,0,0,0,0,0,0,0,0,0,1.076145,9.059934,142.9241,37.81487,0,0,0,0,0,0,0,0,0,1.076145,9.059934,142.9241,37.81487,0,0,0,0,0,0,0,0,0,1.076145,9.059934,142.9241,37.81487,0,0,0,0,0,0,0,0,0,1.076145,9.059934,142.9241,37.81487,0,0,0,0,0,0,0,0,0,1.076145,9.059934,142.9241,37.81487,0,0,0,0,0,0,0,0,0,1.076145,9.059934,142.9241,37.81487
0,0,0,0,0,0,0,0,0,0.3083253,6.414149,134.0165,32.3868,0,0,0,0,0,0,0,0,0,0.3083253,6.414149,134.0165,32.3868,0,0,0,0,0,0,0,0,0,0.3083253,6.414149,134.0165,32.3868,0,0,0,0,0,0,0,0,0,0.3083253,6.414149,134.0165,32.3868,0,0,0,0,0,0,0,0,0,0.3083253,6.414149,134.0165,32.3868,0,0,0,0,0,0,0,0,0,0.3083253,6.414149,134.0165,32.3868,0,0,0,0,0,0,0,0,0,0.3083253,6.414149,134.0165,32.3868,0,0,0,0,0,0,0,0,0,0.3083253,6.414149,134.0165,32.3868,0,0,0,0,0,0,0,0,0,0.3083253,6.414149,134.0165,32.3868
0,0,0,0,0,0,0,0,0,0.005300045,4.217377,125.2281,27.34064,0,0,0,0,0,0,0,0,0,0.005300045,4.217377,125.2281,27.34064,0,0,0,0,0,0,0,0,0,0.005300045,4.217377,125.2281,27.34064,0,0,0,0,0,0,0,0,0,0.005300045,4.217377,125.2281,27.34064,0,0,0,0,0,0,0,0,0,0.005300045,4.217377,125.2281,27.34064,0,0,0,0,0,0,0,0,0,0.005300045,4.217377,125.2281,27.34064,0,0,0,0,0,0,0,0,0,0.005300045,4.217377,125.2281,27.34064,0,0,0,0,0,0,0,0,0,0.005300045,4.217377,125.2281,27.34064,0,0,0,0,0,0,0,0,0,0.005300045,4.217377,125.2281,27.34064
0,0,0,0,0,0,0,0,0,0,2.475282,116.5811,22.68929,0,0,0,0,0,0,0,0,0,0,2.475282,116.5811,22.68929,0,0,0,0,0,0,0,0,0,0,2.475282,116.5811,22.68929,0,0,0,0,0,0,0,0,0,0,2.475282,116.5811,22.68929,0,0,0,0,0,0,0,0,0,0,2.475282,116.5811,22.68929,0,0,0,0,0,0,0,0,0,0,2.475282,116.5811,22.68929,0,0,0,0,0,0,0,0,0,0,2.475282,116.5811,22.68929,0,0,0,0,0,0,0,0,0,0,2.475282,116.5811,22.68929,0,0,0,0,0,0,0,0,0,0,2.475282,116.5811,22.68929
0,0,0,0,0,0,0,0,0,0,1.192403,108.0984,18.44488,0,0,0,0,0,0,0,0,0,0,1.192403,108.0984,18.44488,0,0,0,0,0,0,0,0,0,0,1.192403,108.0984,18.44488,0,0,0,0,0,0,0,0,0,0,1.192403,108.0984,18.44488,0,0,0,0,0,0,0,0,0,0,1.192403,108.0984,18.44488,0,0,0,0,0,0,0,0,0,0,1.192403,108.0984,18.44488,0,0,0,0,0,0,0,0,0,0,1.192403,108.0984,18.44488,0,0,0,0,0,0,0,0,0,0,1.192403,108.0984,18.44488,0,0,0,0,0,0,0,0,0,0,1.192403,108.0984,18.44488
0,0,0,0,0,0,0,0,0,0,0.3720117,99.80167,14.61837,0,0,0,0,0,0,0,0,0,0,0.3720117,99.80167,14.61837,0,0,0,0,0,0,0,0,0,0,0.3720117,99.80167,14.61837,0,0,0,0,0,0,0,0,0,0,0.3720117,99.80167,14.61837,0,0,0,0,0,0,0,0,0,0,0.3720117,99.80167,14.61837,0,0,0,0,0,0,0,0,0,0,0.3720117,99.80167,14.61837,0,0,0,0,0,0,0,0,0,0,0.3720117,99.80167,14.61837,0,0,0,0,0,0,0,0,0,0,0.3720117,99.80167,14.61837,0,0,0,0,0,0,0,0,0,0,0.3720117,99.80167,14.61837
0,0,0,0,0,0,0,0,0,0,0.01625419,91.71226,11.21959,0,0,0,0,0,0,0,0,0,0,0.01625419,91.71226,11.21959,0,0,0,0,0,0,0,0,0,0,0.01625419,91.71226,11.21959,0,0,0,0,0,0,0,0,0,0,0.01625419,91.71226,11.21959,0,0,0,0,0,0,0,0,0,0,0.01625419,91.71226,11.21959,0,0,0,0,0,0,0,0,0,0,0.01625419,91.71226,11.21959,0,0,0,0,0,0,0,0,0,0,0.01625419,91.71226,11.21959,0,0,0,0,0,0,0,0,0,0,0.01625419,91.71226,11.21959,0,0,0,0,0,0,0,0,0,0,0.01625419,91.71226,11.21959
0,0,0,0,0,0,0,0,0,0,0,83.85128,8.257427,0,0,0,0,0,0,0,0,0,0,0,83.85128,8.257427,0,0,0,0,0,0,0,0,0,0,0,83.85128,8.257427,0,0,0,0,0,0,0,0,0,0,0,83.85128,8.257427,0,0,0,0,0,0,0,0,0,0,0,83.85128,8.257427,0,0,0,0,0,0,0,0,0,0,0,83.85128,8.257427,0,0,0,0,0,0,0,0,0,0,0,83.85128,8.257427,0,0,0,0,0,0,0,0,0,0,0,83.85128,8.257427,0,0,0,0,0,0,0,0,0,0,0,83.85128,8.257427
0,0,0,0,0,0,0,0,0,0,0,76.23894,5.739455,0,0,0,0,0,0,0,0,0,0,0,76.23894,5.739455,0,0,0,0,0,0,0,0,0,0,0,76.23894,5.739455,0,0,0,0,0,0,0,0,0,0,0,76.23894,5.739455,0,0,0,0,0,0,0,0,0,0,0,76.23894,5.739455,0,0,0,0,0,0,0,0,0,0,0,76.23894,5.739455,0,0,0,0,0,0,0,0,0,0,0,76.23894,5.739455,0,0,0,0,0,0,0,0,0,0,0,76.23894,5.739455,0,0,0,0,0,0,0,0,0,0,0,76.23894,5.739455
0,0,0,0,0,0,0,0,0,0,0,68.89498,3.672234,0,0,0,0,0,0,0,0,0,0,0,68.89498,3.672234,0,0,0,0,0,0,0,0,0,0,0,68.89498,3.672234,0,0,0,0,0,0,0,0,0,0,0,68.89498,3.672234,0,0,0,0,0,0,0,0,0,0,0,68.89498,3.672234,0,0,0,0,0,0,0,0,0,0,0,68.89498,3.672234,0,0,0,0,0,0,0,0,0,0,0,68.89498,3.672234,0,0,0,0,0,0,0,0,0,0,0,68.89498,3.672234,0,0,0,0,0,0,0,0,0,0,0,68.89498,3.672234
0,0,0,0,0,0,0,0,0,0,0,61.83849,2.061149,0,0,0,0,0,0,0,0,0,0,0,61.83849,2.061149,0,0,0,0,0,0,0,0,0,0,0,61.83849,2.061149,0,0,0,0,0,0,0,0,0,0,0,61.83849,2.061149,0,0,0,0,0,0,0,0,0,0,0,61.83849,2.061149,0,0,0,0,0,0,0,0,0,0,0,61.83849,2.061149,0,0,0,0,0,0,0,0,0,0,0,61.83849,2.061149,0,0,0,0,0,0,0,0,0,0,0,61.83849,2.061149,0,0,0,0,0,0,0,0,0,0,0,61.83849,2.061149
0,0,0,0,0,0,0,0,0,0,0,55.08757,0.9102988,0,0,0,0,0,0,0,0,0,0,0,55.08757,0.9102988,0,0,0,0,0,0,0,0,0,0,0,55.08757,0.9102988,0,0,0,0,0,0,0,0,0,0,0,55.08757,0.9102988,0,0,0,0,0,0,0,0,0,0,0,55.08757,0.9102988,0,0,0,0,0,0,0,0,0,0,0,55.08757,0.9102988,0,0,0,0,0,0,0,0,0,0,0,55.08757,0.9102988,0,0,0,0,0,0,0,0,0,0,0,55.08757,0.9102988,0,0,0,0,0,0,0,0,0,0,0,55.08757,0.9102988
0,0,0,0,0,0,0,0,0,0,0,48.65985,0.2226985,0,0,0,0,0,0,0,0,0,0,0,48.65985,0.2226985,0,0,0,0,0,0,0,0,0,0,0,48.65985,0.2226985,0,0,0,0,0,0,0,0,0,0,0,48.65985,0.2226985,0,0,0,0,0,0,0,0,0,0,0,48.65985,0.2226985,0,0,0,0,0,0,0,0,0,0,0,48.65985,0.2226985,0,0,0,0,0,0,0,0,0,0,0,48.65985,0.2226985,0,0,0,0,0,0,0,0,0,0,0,48.65985,0.2226985,0,0,0,0,0,0,0,0,0,0,0,48.65985,0.2226985
0,0,0,0,0,0,0,0,0,0,0,42.57174,0,0,0,0,0,0,0,0,0,0,0,0,42.57174,0,0,0,0,0,0,0,0,0,0,0,0,42.57174,0,0,0,0,0,0,0,0,0,0,0,0,42.57174,0,0,0,0,0,0,0,0,0,0,0,0,42.57174,0,0,0,0,0,0,0,0,0,0,0,0,42.57174,0,0,0,0,0,0,0,0,0,0,0,0,42.57174,0,0,0,0,0,0,0,0,0,0,0,0,42.57174,0,0,0,0,0,0,0,0,0,0,0,0,42.57174,0
0,0,0,0,0,0,0,0,0,0,0,36.83922,0,0,0,0,0,0,0,0,0,0,0,0,36.83922,0,0,0,0,0,0,0,0,0,0,0,0,36.83922,0,0,0,0,0,0,0,0,0,0,0,0,36.83922,0,0,0,0,0,0,0,0,0,0,0,0,36.83922,0,0,0,0,0,0,0,0,0,0,0,0,36.83922,0,0,0,0,0,0,0,0,0,0,0,0,36.83922,0,0,0,0,0,0,0,0,0,0,0,0,36.83922,0,0,0,0,0,0,0,0,0,0,0,0,36.83922,0
0,0,0,0,0,0,0,0,0,0,0,31.47691,0,0,0,0,0,0,0,0,0,0,0,0,31.47691,0,0,0,0,0,0,0,0,0,0,0,0,31.47691,0,0,0,0,0,0,0,0,0,0,0,0,31.47691,0,0,0,0,0,0,0,0,0,0,0,0,31.47691,0,0,0,0,0,0,0,0,0,0,0,0,31.47691,0,0,0,0,0,0,0,0,0,0,0,0,31.47691,0,0,0,0,0,0,0,0,0,0,0,0,31.47691,0,0,0,0,0,0,0,0,0,0,0,0,31.47691,0
0,0,0,0,0,0,0,0,0,0,0,26.49884,0,0,0,0,0,0,0,0,0,0,0,0,26.49884,0,0,0,0,0,0,0,0,0,0,0,0,26.49884,0,0,0,0,0,0,0,0,0,0,0,0,26.49884,0,0,0,0,0,0,0,0,0,0,0,0,26.49884,0,0,0,0,0,0,0,0,0,0,0,0,26.49884,0,0,0,0,0,0,0,0,0,0,0,0,26.49884,0,0,0,0,0,0,0,0,0,0,0,0,26.49884,0,0,0,0,0,0,0,0,0,0,0,0,26.49884,0
0,0,0,0,0,0,0,0,0,0,0,21.91777,0,0,0,0,0,0,0,0,0,0,0,0,21.91777,0,0,0,0,0,0,0,0,0,0,0,0,21.91777,0,0,0,0,0,0,0,0,0,0,0,0,21.91777,0,0,0,0,0,0,0,0,0,0,0,0,21.91777,0,0,0,0,0,0,0,0,0,0,0,0,21.91777,0,0,0,0,0,0,0,0,0,0,0,0,21.91777,0,0,0,0,0,0,0,0,0,0,0,0,21.91777,0,0,0,0,0,0,0,0,0,0,0,0,21.91777,0
0,0,0,0,0,0,0,0,0,0,0,17.7456,0,0,0,0,0,0,0,0,0,0,0,0,17.7456,0,0,0,0,0,0,0,0,0,0,0,0,17.7456,0,0,0,0,0,0,0,0,0,0,0,0,17.7456,0,0,0,0,0,0,0,0,0,0,0,0,17.7456,0,0,0,0,0,0,0,0,0,0,0,0,17.7456,0,0,0,0,0,0,0,0,0,0,0,0,17.7456,0,0,0,0,0,0,0,0,0,0,0,0,17.7456,0,0,0,0,0,0,0,0,0,0,0,0,17.7456,0
0,0,0,0,0,0,0,0,0,0,0,13.99317,0,0,0,0,0,0,0,0,0,0,0,0,13.99317,0,0,0,0,0,0,0,0,0,0,0,0,13.99317,0,0,0,0,0,0,0,0,0,0,0,0,13.99317,0,0,0,0,0,0,0,0,0,0,0,0,13.99317,0,0,0,0,0,0,0,0,0,0,0,0,13.99317,0,0,0,0,0,0,0,0,0,0,0,0,13.99317,0,0,0,0,0,0,0,0,0,0,0,0,13.99317,0,0,0,0,0,0,0,0,0,0,0,0,13.99317,0
0,0,0,0,0,0,0,0,0,0,0,10.67011,0,0,0,0,0,0,0,0,0,0,0,0,10.67011,0,0,0,0,0,0,0,0,0,0,0,0,10.67011,0,0,0,0,0,0,0,0,0,0,0,0,10.67011,0,0,0,0,0,0,0,0,0,0,0,0,10.67011,0,0,0,0,0,0,0,0,0,0,0,0,10.67011,0,0,0,0,0,0,0,0,0,0,0,0,10.67011,0,0,0,0,0,0,0,0,0,0,0,0,10.67011,0,0,0,0,0,0,0,0,0,0,0,0,10.67011,0
0,0,0,0,0,0,0,0,0,0,0,7.785069,0,0,0,0,0,0,0,0,0,0,0,0,7.785069,0,0,0,0,0,0,0,0,0,0,0,0,7.785069,0,0,0,0,0,0,0,0,0,0,0,0,7.785069,0,0,0,0,0,0,0,0,0,0,0,0,7.785069,0,0,0,0,0,0,0,0,0,0,0,0,7.785069,0,0,0,0,0,0,0,0,0,0,0,0,7.785069,0,0,0,0,0,0,0,0,0,0,0,0,7.785069,0,0,0,0,0,0,0,0,0,0,0,0,7.785069,0
0,0,0,0,0,0,0,0,0,0,0,5.345449,0,0,0,0,0,0,0,0,0,0,0,0,5.345449,0,0,0,0,0,0,0,0,0,0,0,0,5.345449,0,0,0,0,0,0,0,0,0,0,0,0,5.345449,0,0,0,0,0,0,0,0,0,0,0,0,5.345449,0,0,0,0,0,0,0,0,0,0,0,0,5.345449,0,0,0,0,0,0,0,0,0,0,0,0,5.345449,0,0,0,0,0,0,0,0,0,0,0,0,5.345449,0,0,0,0,0,0,0,0,0,0,0,0,5.345449,0
0,0,0,0,0,0,0,0,0,0,0,3.357632,0,0,0,0,0,0,0,0,0,0,0,0,3.357632,0,0,0,0,0,0,0,0,0,0,0,0,3.357632,0,0,0,0,0,0,0,0,0,0,0,0,3.357632,0,0,0,0,0,0,0,0,0,0,0,0,3.357632,0,0,0,0,0,0,0,0,0,0,0,0,3.357632,0,0,0,0,0,0,0,0,0,0,0,0,3.357632,0,0,0,0,0,0,0,0,0,0,0,0,3.357632,0,0,0,0,0,0,0,0,0,0,0,0,3.357632,0
0,0,0,0,0,0,0,0,0,0,0,1.826681,0,0,0,0,0,0,0,0,0,0,0,0,1.826681,0,0,0,0,0,0,0,0,0,0,0,0,1.826681,0,0,0,0,0,0,0,0,0,0,0,0,1.826681,0,0,0,0,0,0,0,0,0,0,0,0,1.826681,0,0,0,0,0,0,0,0,0,0,0,0,1.826681,0,0,0,0,0,0,0,0,0,0,0,0,1.826681,0,0,0,0,0,0,0,0,0,0,0,0,1.826681,0,0,0,0,0,0,0,0,0,0,0,0,1.826681,0
0,0,0,0,0,0,0,0,0,0,0,1.826681,0,0,0,0,0,0,0,0,0,0,0,0,1.826681,0,0,0,0,0,0,0,0,0,0,0,0,1.826681,0,0,0,0,0,0,0,0,0,0,0,0,1.826681,0,0,0,0,0,0,0,0,0,0,0,0,1.826681,0,0,0,0,0,0,0,0,0,0,0,0,1.826681,0,0,0,0,0,0,0,0,0,0,0,0,1.826681,0,0,0,0,0,0,0,0,0,0,0,0,1.826681,0,0,0,0,0,0,0,0,0,0,0,0,1.826681,0
0,0,0,0,0,0,0,0,0,0,0,1.826681,0,0,0,0,0,0,0,0,0,0,0,0,1.826681,0,0,0,0,0,0,0,0,0,0,0,0,1.826681,0,0,0,0,0,0,0,0,0,0,0,0,1.826681,0,0,0,0,0,0,0,0,0,0,0,0,1.826681,0,0,0,0,0,0,0,0,0,0,0,0,1.826681,0,0,0,0,0,0,0,0,0,0,0,0,1.826681,0,0,0,0,0,0,0,0,0,0,0,0,1.826681,0,0,0,0,0,0,0,0,0,0,0,0,1.826681,0

